,0,1,2,3,4,5,6,7,8,9,10,11,12,13,14,15,16,17,18,19,20,21,22,23,24,25,26,27,28,29,30,31,32,33,34,35,36,37,38,39,40,41,42,43,44,45,46,47,48,49,50,51,52,53,54,55,56,57,58,59,60,61,62,63,64,65,66,67,68,69,70,71,72,73,74,75,76,77,78,79,80,81,82,83,84,85,86,87,88,89,90,91,92,93,94,95,96,97,98,99,100,101,102,103,104,105,106,107,108,109,110,111,112,113,114,115,116,117,118,119,120,121,122,123,124,125,126,127,128,129,130,131,132,133,134,135,136,137,138,139
0,1.0,0.0,0.0,1.0,2.0,2.0,0.0,0.0,1.0,2.0,0.0,1.0,0.0,2.0,0.0,1.0,1.0,2.0,0.0,2.0,2.0,0.0,1.0,2.0,0.0,0.0,2.0,2.0,1.0,0.0,1.0,1.0,2.0,0.0,0.0,1.0,2.0,1.0,1.0,1.0,1.0,0.0,0.0,0.0,1.0,1.0,1.0,2.0,2.0,0.0,0.0,1.0,0.0,2.0,2.0,1.0,2.0,0.0,2.0,0.0,0.0,2.0,0.0,0.0,2.0,1.0,0.0,2.0,1.0,1.0,2.0,0.0,1.0,1.0,1.0,2.0,1.0,0.0,0.0,2.0,1.0,0.0,1.0,0.0,0.0,2.0,0.0,1.0,1.0,1.0,2.0,1.0,1.0,1.0,1.0,0.0,1.0,1.0,1.0,2.0,1.0,1.0,0.0,1.0,0.0,2.0,2.0,1.0,1.0,2.0,1.0,0.0,1.0,2.0,1.0,1.0,1.0,2.0,0.0,2.0,2.0,0.0,2.0,2.0,2.0,1.0,0.0,2.0,0.0,2.0,2.0,2.0,2.0,2.0,2.0,2.0,0.0,1.0,1.0,2.0
1,2.0,2.0,1.0,1.0,2.0,2.0,0.0,1.0,0.0,0.0,1.0,2.0,1.0,2.0,1.0,1.0,2.0,1.0,2.0,1.0,0.0,0.0,2.0,1.0,0.0,1.0,2.0,1.0,0.0,2.0,2.0,2.0,0.0,0.0,2.0,0.0,2.0,0.0,1.0,2.0,1.0,0.0,1.0,2.0,0.0,2.0,0.0,1.0,1.0,0.0,0.0,2.0,2.0,0.0,1.0,0.0,0.0,1.0,1.0,1.0,1.0,1.0,1.0,2.0,2.0,0.0,2.0,0.0,1.0,1.0,2.0,0.0,1.0,2.0,2.0,2.0,0.0,1.0,2.0,1.0,2.0,1.0,1.0,2.0,1.0,0.0,0.0,0.0,2.0,2.0,1.0,2.0,0.0,1.0,2.0,2.0,2.0,2.0,1.0,1.0,0.0,0.0,0.0,0.0,2.0,0.0,1.0,2.0,2.0,2.0,0.0,2.0,2.0,2.0,0.0,1.0,2.0,2.0,0.0,0.0,0.0,2.0,1.0,0.0,1.0,1.0,0.0,2.0,2.0,1.0,0.0,0.0,1.0,1.0,2.0,1.0,0.0,1.0,2.0,1.0
2,1.0,0.0,0.0,2.0,2.0,2.0,0.0,1.0,1.0,1.0,2.0,1.0,0.0,1.0,1.0,2.0,0.0,2.0,0.0,1.0,1.0,2.0,2.0,2.0,1.0,1.0,2.0,1.0,0.0,0.0,1.0,2.0,0.0,0.0,1.0,2.0,0.0,1.0,0.0,1.0,2.0,0.0,2.0,2.0,0.0,1.0,1.0,1.0,1.0,1.0,0.0,1.0,0.0,1.0,1.0,0.0,1.0,0.0,1.0,1.0,0.0,1.0,1.0,1.0,0.0,2.0,2.0,0.0,1.0,1.0,0.0,0.0,1.0,1.0,0.0,2.0,0.0,0.0,2.0,2.0,0.0,1.0,0.0,0.0,2.0,0.0,1.0,0.0,0.0,1.0,1.0,1.0,0.0,0.0,0.0,2.0,2.0,2.0,0.0,1.0,2.0,2.0,1.0,2.0,1.0,0.0,0.0,2.0,2.0,1.0,0.0,0.0,2.0,0.0,2.0,2.0,0.0,2.0,1.0,2.0,1.0,1.0,1.0,2.0,2.0,0.0,1.0,1.0,1.0,0.0,0.0,2.0,0.0,2.0,2.0,0.0,0.0,1.0,1.0,2.0
3,2.0,1.0,1.0,2.0,1.0,2.0,2.0,0.0,0.0,0.0,2.0,2.0,2.0,0.0,2.0,0.0,2.0,1.0,1.0,0.0,1.0,1.0,2.0,2.0,2.0,0.0,1.0,0.0,2.0,2.0,0.0,0.0,0.0,1.0,1.0,2.0,1.0,2.0,2.0,0.0,2.0,1.0,2.0,2.0,1.0,2.0,2.0,2.0,0.0,0.0,1.0,0.0,1.0,1.0,1.0,2.0,2.0,2.0,2.0,2.0,2.0,0.0,1.0,1.0,2.0,1.0,0.0,0.0,0.0,1.0,2.0,1.0,0.0,0.0,1.0,1.0,1.0,0.0,1.0,2.0,1.0,0.0,1.0,1.0,1.0,0.0,0.0,2.0,2.0,1.0,1.0,0.0,2.0,0.0,1.0,2.0,0.0,2.0,1.0,1.0,1.0,1.0,0.0,0.0,1.0,2.0,1.0,0.0,1.0,2.0,0.0,1.0,1.0,2.0,2.0,1.0,0.0,0.0,2.0,0.0,0.0,0.0,0.0,0.0,1.0,0.0,2.0,0.0,2.0,0.0,2.0,0.0,0.0,0.0,0.0,2.0,1.0,2.0,1.0,0.0
4,2.0,0.0,2.0,1.0,2.0,0.0,2.0,1.0,2.0,2.0,2.0,1.0,2.0,2.0,0.0,0.0,0.0,1.0,2.0,0.0,1.0,1.0,1.0,2.0,2.0,0.0,2.0,2.0,2.0,0.0,2.0,0.0,0.0,2.0,0.0,1.0,2.0,1.0,0.0,0.0,2.0,1.0,1.0,1.0,0.0,2.0,2.0,2.0,1.0,0.0,1.0,2.0,0.0,2.0,1.0,1.0,2.0,1.0,0.0,2.0,0.0,0.0,0.0,1.0,1.0,0.0,1.0,2.0,2.0,2.0,2.0,2.0,2.0,0.0,0.0,1.0,1.0,2.0,2.0,0.0,1.0,2.0,2.0,2.0,2.0,1.0,2.0,1.0,1.0,0.0,2.0,2.0,2.0,0.0,0.0,0.0,0.0,0.0,2.0,1.0,1.0,1.0,1.0,1.0,1.0,1.0,0.0,0.0,1.0,0.0,0.0,1.0,1.0,0.0,0.0,2.0,2.0,1.0,2.0,2.0,0.0,2.0,0.0,0.0,1.0,0.0,0.0,2.0,0.0,1.0,0.0,0.0,2.0,1.0,0.0,2.0,2.0,2.0,0.0,2.0
5,2.0,1.0,2.0,0.0,0.0,1.0,1.0,1.0,1.0,1.0,2.0,2.0,1.0,0.0,1.0,0.0,2.0,0.0,0.0,1.0,1.0,0.0,2.0,0.0,1.0,1.0,1.0,2.0,1.0,0.0,2.0,0.0,1.0,0.0,0.0,1.0,0.0,0.0,0.0,2.0,0.0,0.0,0.0,0.0,0.0,1.0,0.0,2.0,0.0,1.0,1.0,0.0,0.0,0.0,2.0,1.0,2.0,2.0,2.0,0.0,0.0,1.0,0.0,0.0,0.0,2.0,1.0,2.0,0.0,2.0,0.0,0.0,2.0,1.0,2.0,0.0,2.0,1.0,0.0,1.0,0.0,1.0,2.0,0.0,1.0,1.0,1.0,0.0,0.0,0.0,1.0,1.0,0.0,1.0,0.0,2.0,0.0,1.0,2.0,1.0,1.0,0.0,1.0,0.0,1.0,1.0,2.0,2.0,0.0,0.0,1.0,0.0,2.0,1.0,0.0,2.0,1.0,2.0,0.0,2.0,0.0,2.0,2.0,0.0,0.0,2.0,0.0,2.0,2.0,1.0,0.0,0.0,2.0,0.0,2.0,2.0,1.0,0.0,1.0,2.0
6,2.0,2.0,1.0,2.0,2.0,2.0,0.0,1.0,1.0,2.0,2.0,1.0,2.0,2.0,2.0,2.0,1.0,2.0,2.0,2.0,2.0,2.0,2.0,1.0,2.0,0.0,1.0,1.0,2.0,2.0,1.0,0.0,1.0,0.0,0.0,0.0,0.0,1.0,1.0,1.0,1.0,2.0,2.0,1.0,1.0,1.0,2.0,2.0,2.0,1.0,2.0,0.0,0.0,0.0,0.0,2.0,1.0,0.0,1.0,1.0,0.0,2.0,1.0,0.0,0.0,1.0,0.0,0.0,0.0,1.0,0.0,2.0,0.0,1.0,0.0,1.0,0.0,1.0,1.0,2.0,0.0,1.0,2.0,1.0,0.0,2.0,2.0,0.0,2.0,2.0,0.0,0.0,2.0,1.0,1.0,1.0,2.0,0.0,1.0,1.0,0.0,2.0,1.0,1.0,1.0,1.0,0.0,0.0,1.0,2.0,2.0,2.0,2.0,0.0,2.0,0.0,0.0,0.0,2.0,1.0,1.0,2.0,0.0,0.0,2.0,1.0,2.0,0.0,1.0,2.0,2.0,2.0,0.0,2.0,1.0,1.0,0.0,1.0,0.0,2.0
7,0.0,0.0,2.0,2.0,1.0,1.0,0.0,2.0,2.0,0.0,1.0,0.0,0.0,1.0,2.0,1.0,0.0,1.0,2.0,0.0,2.0,0.0,1.0,2.0,1.0,2.0,1.0,0.0,1.0,0.0,0.0,0.0,1.0,0.0,1.0,1.0,1.0,1.0,1.0,2.0,2.0,0.0,2.0,1.0,1.0,1.0,0.0,2.0,0.0,1.0,2.0,0.0,0.0,0.0,2.0,1.0,0.0,2.0,2.0,0.0,0.0,1.0,2.0,0.0,2.0,1.0,0.0,0.0,0.0,0.0,1.0,0.0,2.0,2.0,0.0,0.0,1.0,0.0,1.0,1.0,2.0,2.0,0.0,0.0,0.0,0.0,2.0,2.0,2.0,2.0,0.0,0.0,0.0,1.0,2.0,1.0,2.0,1.0,1.0,1.0,1.0,2.0,1.0,1.0,1.0,2.0,2.0,1.0,0.0,1.0,2.0,1.0,1.0,2.0,2.0,2.0,0.0,2.0,1.0,0.0,2.0,2.0,0.0,2.0,1.0,1.0,0.0,2.0,0.0,0.0,2.0,0.0,2.0,0.0,1.0,0.0,2.0,0.0,1.0,0.0
8,1.0,2.0,1.0,1.0,2.0,1.0,2.0,2.0,1.0,0.0,2.0,1.0,2.0,0.0,2.0,0.0,0.0,1.0,2.0,0.0,0.0,2.0,2.0,1.0,2.0,2.0,2.0,1.0,1.0,1.0,1.0,0.0,1.0,1.0,0.0,2.0,0.0,0.0,2.0,1.0,0.0,1.0,0.0,2.0,1.0,1.0,0.0,0.0,0.0,1.0,1.0,0.0,0.0,1.0,2.0,1.0,2.0,1.0,2.0,0.0,0.0,2.0,0.0,2.0,2.0,2.0,0.0,2.0,1.0,0.0,1.0,1.0,1.0,0.0,1.0,1.0,1.0,1.0,2.0,1.0,0.0,1.0,2.0,0.0,2.0,0.0,1.0,0.0,1.0,1.0,0.0,1.0,0.0,1.0,1.0,2.0,0.0,0.0,2.0,0.0,0.0,1.0,0.0,1.0,1.0,0.0,1.0,2.0,1.0,2.0,1.0,2.0,1.0,2.0,1.0,2.0,0.0,1.0,1.0,1.0,0.0,0.0,2.0,2.0,2.0,2.0,0.0,2.0,1.0,2.0,2.0,1.0,2.0,0.0,2.0,2.0,2.0,1.0,1.0,2.0
9,2.0,2.0,2.0,2.0,2.0,1.0,1.0,0.0,1.0,1.0,0.0,2.0,1.0,2.0,2.0,2.0,0.0,0.0,1.0,0.0,1.0,0.0,1.0,0.0,1.0,0.0,0.0,2.0,2.0,0.0,2.0,2.0,1.0,2.0,0.0,1.0,0.0,1.0,1.0,1.0,1.0,2.0,1.0,0.0,2.0,2.0,1.0,2.0,1.0,0.0,0.0,1.0,0.0,2.0,2.0,2.0,2.0,1.0,1.0,0.0,2.0,2.0,0.0,0.0,1.0,0.0,0.0,2.0,2.0,0.0,2.0,1.0,0.0,0.0,0.0,0.0,0.0,1.0,2.0,2.0,1.0,2.0,1.0,1.0,2.0,2.0,1.0,1.0,0.0,1.0,2.0,0.0,0.0,0.0,2.0,2.0,2.0,2.0,2.0,1.0,2.0,1.0,1.0,0.0,0.0,2.0,2.0,1.0,1.0,2.0,2.0,1.0,1.0,0.0,1.0,1.0,1.0,0.0,0.0,0.0,0.0,0.0,0.0,0.0,0.0,0.0,0.0,0.0,0.0,0.0,2.0,2.0,0.0,2.0,1.0,2.0,2.0,2.0,2.0,1.0
10,2.0,0.0,1.0,0.0,1.0,0.0,1.0,1.0,0.0,1.0,2.0,0.0,2.0,1.0,0.0,0.0,0.0,1.0,1.0,1.0,1.0,1.0,0.0,1.0,0.0,1.0,0.0,1.0,2.0,1.0,0.0,2.0,1.0,1.0,1.0,1.0,2.0,2.0,0.0,0.0,0.0,1.0,0.0,0.0,1.0,2.0,1.0,1.0,2.0,1.0,0.0,0.0,1.0,1.0,0.0,2.0,1.0,1.0,1.0,0.0,1.0,2.0,1.0,0.0,0.0,0.0,2.0,0.0,1.0,1.0,0.0,1.0,1.0,2.0,2.0,0.0,0.0,1.0,0.0,2.0,2.0,2.0,1.0,2.0,2.0,1.0,0.0,0.0,1.0,0.0,2.0,2.0,0.0,0.0,2.0,1.0,0.0,2.0,2.0,1.0,0.0,0.0,2.0,1.0,0.0,2.0,2.0,1.0,1.0,2.0,2.0,2.0,0.0,2.0,0.0,2.0,1.0,2.0,1.0,2.0,0.0,0.0,0.0,0.0,0.0,2.0,1.0,2.0,0.0,1.0,2.0,0.0,0.0,2.0,1.0,1.0,1.0,1.0,2.0,1.0
11,2.0,2.0,0.0,2.0,0.0,2.0,0.0,0.0,0.0,0.0,0.0,0.0,1.0,1.0,2.0,1.0,0.0,2.0,0.0,0.0,2.0,1.0,1.0,1.0,1.0,0.0,2.0,2.0,2.0,1.0,1.0,0.0,1.0,2.0,1.0,0.0,1.0,0.0,2.0,2.0,1.0,1.0,0.0,2.0,2.0,2.0,2.0,1.0,2.0,2.0,0.0,0.0,1.0,1.0,0.0,0.0,1.0,0.0,0.0,0.0,0.0,2.0,0.0,0.0,1.0,0.0,1.0,1.0,1.0,2.0,1.0,1.0,1.0,1.0,1.0,0.0,2.0,0.0,0.0,0.0,1.0,2.0,2.0,1.0,2.0,2.0,0.0,1.0,0.0,2.0,1.0,0.0,2.0,1.0,2.0,2.0,1.0,2.0,0.0,1.0,2.0,0.0,0.0,0.0,2.0,1.0,1.0,2.0,2.0,2.0,1.0,1.0,1.0,0.0,1.0,1.0,2.0,1.0,0.0,0.0,1.0,2.0,0.0,0.0,2.0,1.0,2.0,0.0,0.0,2.0,1.0,1.0,2.0,0.0,1.0,0.0,1.0,2.0,2.0,1.0
12,1.0,2.0,1.0,2.0,0.0,0.0,2.0,2.0,1.0,2.0,0.0,2.0,2.0,0.0,2.0,1.0,1.0,1.0,2.0,0.0,0.0,1.0,1.0,1.0,2.0,1.0,0.0,1.0,0.0,0.0,2.0,0.0,1.0,0.0,0.0,1.0,1.0,0.0,1.0,0.0,1.0,0.0,2.0,0.0,1.0,0.0,0.0,1.0,1.0,2.0,2.0,2.0,0.0,2.0,0.0,0.0,0.0,0.0,2.0,0.0,2.0,1.0,2.0,2.0,1.0,1.0,0.0,2.0,0.0,0.0,1.0,2.0,1.0,1.0,0.0,0.0,1.0,0.0,2.0,2.0,1.0,1.0,0.0,0.0,2.0,1.0,0.0,1.0,0.0,2.0,1.0,0.0,0.0,1.0,2.0,0.0,0.0,0.0,2.0,0.0,1.0,2.0,0.0,0.0,2.0,1.0,1.0,2.0,2.0,1.0,1.0,2.0,2.0,0.0,0.0,1.0,2.0,2.0,1.0,0.0,0.0,0.0,0.0,0.0,2.0,1.0,1.0,0.0,0.0,0.0,2.0,2.0,0.0,1.0,2.0,2.0,0.0,2.0,0.0,0.0
13,2.0,2.0,1.0,1.0,2.0,1.0,1.0,0.0,1.0,1.0,1.0,2.0,0.0,1.0,0.0,0.0,1.0,0.0,2.0,2.0,0.0,1.0,0.0,1.0,2.0,0.0,2.0,2.0,0.0,1.0,0.0,0.0,0.0,0.0,0.0,2.0,1.0,0.0,0.0,0.0,0.0,1.0,1.0,0.0,1.0,2.0,2.0,1.0,1.0,0.0,1.0,2.0,1.0,2.0,1.0,2.0,1.0,2.0,2.0,1.0,0.0,2.0,1.0,1.0,1.0,0.0,0.0,2.0,2.0,1.0,2.0,1.0,1.0,2.0,0.0,2.0,1.0,2.0,1.0,2.0,2.0,1.0,0.0,2.0,0.0,2.0,0.0,2.0,2.0,1.0,1.0,0.0,2.0,2.0,0.0,0.0,2.0,1.0,2.0,1.0,0.0,1.0,2.0,0.0,2.0,2.0,2.0,1.0,1.0,0.0,2.0,1.0,2.0,0.0,1.0,1.0,0.0,0.0,1.0,0.0,1.0,2.0,2.0,0.0,2.0,0.0,0.0,2.0,1.0,1.0,1.0,0.0,2.0,1.0,0.0,2.0,2.0,0.0,2.0,0.0
14,2.0,2.0,1.0,2.0,0.0,0.0,0.0,2.0,2.0,1.0,0.0,0.0,0.0,1.0,1.0,2.0,2.0,0.0,1.0,1.0,2.0,0.0,0.0,0.0,0.0,2.0,0.0,0.0,1.0,1.0,0.0,2.0,0.0,1.0,2.0,2.0,2.0,2.0,0.0,1.0,1.0,1.0,1.0,2.0,2.0,0.0,0.0,0.0,0.0,2.0,0.0,2.0,0.0,1.0,0.0,0.0,2.0,2.0,2.0,1.0,1.0,1.0,0.0,1.0,0.0,1.0,1.0,0.0,0.0,1.0,2.0,1.0,0.0,0.0,2.0,1.0,2.0,2.0,2.0,1.0,0.0,1.0,1.0,0.0,0.0,2.0,0.0,2.0,2.0,1.0,0.0,0.0,0.0,0.0,0.0,2.0,0.0,1.0,2.0,1.0,1.0,2.0,1.0,2.0,1.0,2.0,1.0,2.0,1.0,2.0,2.0,2.0,2.0,2.0,2.0,2.0,1.0,1.0,2.0,0.0,2.0,2.0,0.0,1.0,2.0,1.0,0.0,0.0,0.0,0.0,1.0,2.0,0.0,1.0,0.0,2.0,0.0,0.0,1.0,0.0
15,1.0,0.0,0.0,0.0,0.0,0.0,0.0,1.0,1.0,1.0,0.0,0.0,1.0,1.0,0.0,2.0,2.0,2.0,2.0,1.0,2.0,0.0,0.0,1.0,1.0,2.0,2.0,1.0,2.0,0.0,0.0,0.0,1.0,0.0,0.0,1.0,1.0,0.0,1.0,2.0,1.0,0.0,0.0,1.0,0.0,2.0,2.0,2.0,2.0,1.0,2.0,0.0,1.0,0.0,1.0,0.0,1.0,2.0,2.0,2.0,0.0,2.0,1.0,0.0,2.0,1.0,1.0,2.0,2.0,2.0,2.0,1.0,2.0,1.0,2.0,1.0,0.0,2.0,2.0,1.0,0.0,0.0,1.0,0.0,0.0,2.0,2.0,1.0,2.0,1.0,2.0,0.0,2.0,0.0,2.0,1.0,1.0,1.0,0.0,1.0,2.0,0.0,1.0,0.0,0.0,1.0,0.0,2.0,1.0,0.0,0.0,2.0,2.0,2.0,0.0,1.0,0.0,1.0,0.0,2.0,2.0,1.0,1.0,2.0,1.0,1.0,2.0,1.0,1.0,0.0,0.0,2.0,2.0,2.0,2.0,2.0,1.0,2.0,0.0,0.0
16,0.0,2.0,1.0,2.0,0.0,1.0,1.0,1.0,1.0,2.0,1.0,0.0,2.0,2.0,1.0,1.0,0.0,1.0,0.0,0.0,0.0,2.0,0.0,0.0,0.0,0.0,2.0,0.0,1.0,2.0,2.0,1.0,0.0,1.0,1.0,0.0,2.0,0.0,0.0,2.0,0.0,2.0,0.0,0.0,2.0,2.0,1.0,0.0,1.0,2.0,1.0,2.0,0.0,0.0,2.0,2.0,0.0,1.0,1.0,0.0,1.0,1.0,1.0,1.0,2.0,1.0,0.0,2.0,2.0,0.0,0.0,1.0,0.0,0.0,2.0,0.0,1.0,1.0,2.0,0.0,0.0,0.0,2.0,0.0,0.0,0.0,2.0,1.0,2.0,1.0,2.0,0.0,0.0,1.0,1.0,2.0,0.0,1.0,1.0,0.0,2.0,1.0,2.0,0.0,2.0,1.0,2.0,0.0,1.0,0.0,0.0,2.0,2.0,1.0,1.0,2.0,2.0,1.0,2.0,1.0,1.0,2.0,2.0,2.0,2.0,0.0,2.0,1.0,1.0,2.0,1.0,2.0,0.0,0.0,0.0,0.0,2.0,2.0,0.0,0.0
17,0.0,0.0,2.0,0.0,1.0,1.0,0.0,0.0,0.0,1.0,0.0,0.0,2.0,2.0,0.0,0.0,1.0,1.0,0.0,1.0,2.0,1.0,1.0,2.0,0.0,0.0,2.0,1.0,0.0,2.0,1.0,0.0,0.0,2.0,0.0,0.0,1.0,2.0,2.0,0.0,0.0,1.0,1.0,0.0,1.0,2.0,1.0,0.0,2.0,2.0,1.0,2.0,0.0,0.0,1.0,1.0,0.0,2.0,0.0,0.0,0.0,0.0,0.0,1.0,2.0,2.0,1.0,0.0,1.0,2.0,1.0,2.0,0.0,0.0,2.0,2.0,2.0,0.0,2.0,2.0,2.0,1.0,0.0,2.0,0.0,2.0,2.0,2.0,2.0,1.0,1.0,0.0,2.0,0.0,1.0,2.0,0.0,0.0,1.0,0.0,0.0,2.0,2.0,2.0,1.0,2.0,0.0,1.0,0.0,0.0,2.0,2.0,1.0,0.0,1.0,0.0,0.0,2.0,0.0,0.0,1.0,2.0,1.0,2.0,0.0,0.0,0.0,2.0,0.0,0.0,0.0,1.0,0.0,1.0,2.0,0.0,0.0,0.0,2.0,0.0
18,1.0,1.0,1.0,0.0,0.0,0.0,0.0,2.0,2.0,2.0,1.0,1.0,2.0,0.0,0.0,2.0,1.0,2.0,0.0,0.0,0.0,0.0,0.0,1.0,2.0,0.0,1.0,2.0,2.0,0.0,1.0,1.0,1.0,2.0,0.0,0.0,0.0,1.0,1.0,0.0,1.0,2.0,1.0,2.0,0.0,2.0,2.0,2.0,1.0,2.0,0.0,2.0,0.0,0.0,0.0,1.0,2.0,0.0,1.0,2.0,1.0,0.0,0.0,2.0,2.0,0.0,1.0,2.0,1.0,1.0,1.0,1.0,0.0,2.0,2.0,2.0,1.0,1.0,2.0,0.0,2.0,2.0,1.0,1.0,0.0,0.0,2.0,2.0,2.0,0.0,0.0,0.0,0.0,2.0,1.0,0.0,1.0,0.0,0.0,2.0,2.0,0.0,2.0,0.0,2.0,0.0,1.0,2.0,1.0,0.0,1.0,0.0,2.0,2.0,1.0,0.0,2.0,0.0,2.0,2.0,0.0,1.0,2.0,0.0,2.0,0.0,1.0,1.0,1.0,0.0,0.0,0.0,2.0,2.0,1.0,2.0,0.0,0.0,1.0,1.0
19,1.0,0.0,1.0,1.0,0.0,0.0,2.0,1.0,0.0,0.0,0.0,0.0,2.0,1.0,1.0,2.0,1.0,1.0,0.0,1.0,0.0,1.0,0.0,0.0,0.0,0.0,0.0,2.0,1.0,2.0,0.0,2.0,1.0,1.0,2.0,1.0,1.0,1.0,2.0,0.0,0.0,0.0,1.0,1.0,2.0,1.0,1.0,0.0,2.0,2.0,1.0,2.0,0.0,1.0,2.0,2.0,2.0,0.0,2.0,1.0,1.0,1.0,2.0,1.0,2.0,0.0,2.0,0.0,1.0,1.0,2.0,2.0,2.0,1.0,0.0,1.0,1.0,1.0,2.0,2.0,2.0,0.0,2.0,0.0,1.0,0.0,2.0,0.0,2.0,2.0,2.0,0.0,1.0,1.0,1.0,2.0,0.0,1.0,2.0,2.0,2.0,1.0,1.0,2.0,2.0,2.0,0.0,0.0,1.0,0.0,1.0,1.0,2.0,0.0,2.0,1.0,0.0,1.0,0.0,1.0,0.0,1.0,1.0,1.0,1.0,0.0,0.0,0.0,1.0,1.0,1.0,1.0,1.0,1.0,2.0,0.0,1.0,1.0,1.0,2.0
20,2.0,2.0,0.0,0.0,1.0,0.0,2.0,2.0,0.0,1.0,0.0,2.0,2.0,1.0,0.0,2.0,0.0,0.0,1.0,1.0,0.0,1.0,2.0,0.0,1.0,0.0,0.0,2.0,0.0,0.0,1.0,1.0,2.0,0.0,0.0,0.0,1.0,1.0,1.0,1.0,1.0,0.0,2.0,1.0,2.0,0.0,2.0,2.0,0.0,2.0,2.0,0.0,1.0,2.0,2.0,1.0,2.0,0.0,2.0,1.0,1.0,1.0,1.0,2.0,2.0,2.0,1.0,0.0,1.0,0.0,0.0,1.0,0.0,0.0,1.0,1.0,2.0,0.0,1.0,1.0,0.0,1.0,2.0,1.0,2.0,0.0,1.0,2.0,1.0,2.0,1.0,0.0,0.0,2.0,1.0,0.0,1.0,0.0,2.0,1.0,2.0,1.0,2.0,2.0,2.0,0.0,1.0,0.0,2.0,2.0,1.0,2.0,0.0,0.0,0.0,0.0,1.0,1.0,1.0,2.0,2.0,1.0,0.0,1.0,2.0,1.0,1.0,2.0,2.0,2.0,1.0,0.0,1.0,2.0,1.0,1.0,1.0,1.0,0.0,2.0
21,0.0,1.0,2.0,1.0,1.0,2.0,2.0,2.0,0.0,1.0,0.0,1.0,2.0,0.0,0.0,2.0,1.0,0.0,1.0,2.0,0.0,1.0,2.0,1.0,1.0,1.0,0.0,1.0,1.0,2.0,2.0,1.0,0.0,0.0,1.0,1.0,2.0,1.0,1.0,1.0,0.0,0.0,2.0,0.0,1.0,2.0,2.0,1.0,2.0,1.0,2.0,0.0,0.0,1.0,0.0,0.0,1.0,1.0,0.0,2.0,0.0,1.0,1.0,2.0,2.0,0.0,1.0,0.0,1.0,0.0,1.0,2.0,0.0,2.0,1.0,1.0,0.0,2.0,1.0,0.0,2.0,1.0,2.0,1.0,2.0,0.0,0.0,2.0,2.0,2.0,1.0,0.0,2.0,2.0,1.0,1.0,0.0,2.0,2.0,0.0,2.0,2.0,0.0,2.0,1.0,1.0,1.0,2.0,1.0,2.0,0.0,1.0,2.0,0.0,2.0,2.0,2.0,2.0,0.0,1.0,0.0,0.0,2.0,0.0,1.0,0.0,0.0,1.0,2.0,2.0,2.0,0.0,2.0,2.0,0.0,2.0,2.0,2.0,2.0,2.0
22,1.0,1.0,1.0,2.0,1.0,2.0,1.0,2.0,1.0,1.0,0.0,0.0,0.0,2.0,0.0,0.0,2.0,1.0,1.0,2.0,2.0,0.0,0.0,2.0,0.0,2.0,2.0,2.0,2.0,1.0,2.0,0.0,0.0,1.0,0.0,0.0,1.0,2.0,1.0,1.0,0.0,1.0,0.0,1.0,1.0,2.0,1.0,2.0,2.0,1.0,0.0,2.0,0.0,1.0,1.0,0.0,1.0,2.0,2.0,1.0,2.0,1.0,2.0,2.0,2.0,1.0,1.0,0.0,1.0,0.0,1.0,0.0,1.0,1.0,0.0,0.0,0.0,1.0,2.0,1.0,2.0,0.0,0.0,0.0,1.0,0.0,0.0,0.0,2.0,1.0,2.0,0.0,1.0,1.0,2.0,2.0,0.0,2.0,0.0,0.0,1.0,0.0,2.0,1.0,2.0,1.0,1.0,2.0,2.0,2.0,2.0,0.0,2.0,1.0,0.0,1.0,0.0,2.0,2.0,1.0,0.0,1.0,0.0,0.0,1.0,1.0,2.0,1.0,1.0,2.0,0.0,2.0,0.0,2.0,2.0,2.0,0.0,2.0,0.0,0.0
23,2.0,2.0,2.0,1.0,1.0,2.0,0.0,2.0,0.0,0.0,0.0,0.0,0.0,0.0,1.0,2.0,2.0,1.0,1.0,2.0,1.0,2.0,0.0,0.0,0.0,0.0,2.0,2.0,2.0,0.0,2.0,2.0,1.0,0.0,0.0,1.0,2.0,0.0,2.0,1.0,2.0,1.0,2.0,0.0,0.0,2.0,2.0,2.0,1.0,2.0,1.0,0.0,2.0,0.0,1.0,1.0,2.0,2.0,0.0,1.0,1.0,1.0,1.0,0.0,2.0,1.0,0.0,1.0,1.0,2.0,1.0,0.0,1.0,2.0,2.0,0.0,2.0,0.0,2.0,1.0,0.0,0.0,0.0,1.0,0.0,2.0,0.0,0.0,2.0,0.0,0.0,0.0,1.0,1.0,1.0,0.0,2.0,0.0,0.0,1.0,0.0,2.0,1.0,1.0,1.0,0.0,0.0,1.0,2.0,1.0,0.0,0.0,1.0,2.0,0.0,2.0,1.0,2.0,0.0,2.0,2.0,1.0,0.0,1.0,2.0,2.0,0.0,2.0,0.0,0.0,0.0,1.0,0.0,1.0,1.0,1.0,0.0,0.0,1.0,0.0
24,1.0,1.0,1.0,2.0,0.0,1.0,2.0,2.0,1.0,2.0,2.0,0.0,2.0,2.0,2.0,0.0,1.0,0.0,0.0,0.0,0.0,1.0,0.0,2.0,0.0,0.0,1.0,2.0,2.0,1.0,1.0,0.0,2.0,2.0,0.0,0.0,2.0,2.0,0.0,2.0,2.0,1.0,1.0,0.0,1.0,1.0,1.0,2.0,0.0,0.0,0.0,1.0,0.0,0.0,0.0,2.0,0.0,2.0,2.0,0.0,1.0,1.0,1.0,2.0,2.0,0.0,0.0,0.0,0.0,1.0,1.0,0.0,0.0,2.0,2.0,2.0,2.0,1.0,1.0,2.0,1.0,1.0,2.0,2.0,1.0,1.0,0.0,1.0,0.0,0.0,0.0,2.0,1.0,2.0,0.0,0.0,2.0,0.0,1.0,0.0,1.0,0.0,1.0,1.0,0.0,0.0,2.0,2.0,1.0,0.0,2.0,0.0,0.0,1.0,2.0,2.0,1.0,1.0,1.0,2.0,0.0,0.0,0.0,0.0,2.0,2.0,0.0,0.0,0.0,2.0,0.0,1.0,0.0,2.0,0.0,2.0,2.0,2.0,0.0,2.0
25,2.0,0.0,2.0,2.0,0.0,0.0,1.0,0.0,1.0,1.0,0.0,1.0,2.0,1.0,0.0,2.0,1.0,2.0,2.0,1.0,2.0,0.0,2.0,0.0,1.0,0.0,1.0,2.0,1.0,1.0,0.0,2.0,1.0,2.0,0.0,0.0,0.0,0.0,1.0,1.0,2.0,2.0,0.0,2.0,0.0,2.0,1.0,0.0,2.0,1.0,2.0,1.0,0.0,1.0,2.0,2.0,2.0,1.0,2.0,1.0,2.0,0.0,1.0,0.0,2.0,0.0,1.0,0.0,0.0,1.0,1.0,1.0,1.0,2.0,2.0,2.0,2.0,1.0,0.0,2.0,2.0,2.0,2.0,0.0,0.0,2.0,2.0,2.0,0.0,1.0,0.0,1.0,1.0,0.0,2.0,2.0,0.0,0.0,2.0,1.0,0.0,1.0,1.0,0.0,0.0,0.0,2.0,0.0,0.0,0.0,1.0,1.0,0.0,0.0,0.0,0.0,0.0,2.0,0.0,2.0,1.0,0.0,1.0,0.0,1.0,1.0,0.0,1.0,0.0,2.0,1.0,0.0,1.0,2.0,0.0,2.0,0.0,1.0,0.0,2.0
26,0.0,0.0,1.0,2.0,0.0,0.0,0.0,1.0,2.0,2.0,1.0,2.0,1.0,2.0,0.0,1.0,2.0,2.0,1.0,2.0,2.0,0.0,2.0,1.0,0.0,2.0,1.0,1.0,0.0,0.0,2.0,2.0,1.0,0.0,2.0,2.0,2.0,2.0,1.0,0.0,2.0,2.0,1.0,2.0,0.0,1.0,0.0,0.0,2.0,0.0,0.0,2.0,1.0,1.0,0.0,2.0,2.0,1.0,2.0,0.0,0.0,2.0,1.0,1.0,2.0,2.0,2.0,0.0,0.0,0.0,1.0,2.0,1.0,2.0,2.0,2.0,2.0,1.0,1.0,0.0,2.0,0.0,2.0,2.0,2.0,1.0,2.0,0.0,0.0,2.0,0.0,1.0,1.0,1.0,1.0,2.0,0.0,2.0,1.0,0.0,1.0,1.0,0.0,2.0,2.0,0.0,2.0,0.0,1.0,1.0,1.0,0.0,1.0,0.0,0.0,2.0,1.0,1.0,2.0,2.0,0.0,2.0,1.0,0.0,0.0,0.0,1.0,0.0,2.0,1.0,2.0,0.0,0.0,1.0,2.0,2.0,0.0,1.0,0.0,2.0
27,1.0,0.0,2.0,0.0,2.0,1.0,1.0,1.0,1.0,1.0,2.0,0.0,2.0,2.0,2.0,0.0,0.0,2.0,0.0,2.0,1.0,2.0,0.0,2.0,0.0,1.0,2.0,1.0,0.0,0.0,0.0,0.0,1.0,2.0,2.0,2.0,1.0,0.0,0.0,2.0,0.0,2.0,1.0,1.0,2.0,2.0,0.0,1.0,2.0,2.0,0.0,0.0,0.0,0.0,2.0,0.0,2.0,2.0,2.0,0.0,0.0,1.0,1.0,2.0,2.0,2.0,2.0,0.0,0.0,1.0,1.0,2.0,1.0,2.0,2.0,2.0,2.0,2.0,2.0,0.0,2.0,1.0,0.0,1.0,2.0,1.0,0.0,0.0,1.0,0.0,2.0,1.0,0.0,2.0,1.0,0.0,0.0,0.0,2.0,1.0,1.0,0.0,2.0,2.0,1.0,2.0,0.0,0.0,0.0,0.0,1.0,1.0,2.0,0.0,1.0,2.0,2.0,2.0,2.0,2.0,1.0,0.0,0.0,1.0,1.0,1.0,0.0,0.0,2.0,0.0,2.0,0.0,2.0,0.0,2.0,0.0,0.0,1.0,2.0,0.0
28,2.0,2.0,0.0,2.0,1.0,0.0,2.0,0.0,2.0,1.0,2.0,2.0,0.0,1.0,0.0,1.0,0.0,2.0,1.0,0.0,1.0,2.0,1.0,2.0,1.0,1.0,0.0,0.0,1.0,0.0,1.0,1.0,1.0,2.0,0.0,1.0,1.0,2.0,1.0,2.0,1.0,0.0,2.0,1.0,1.0,1.0,1.0,0.0,1.0,0.0,1.0,2.0,2.0,1.0,0.0,0.0,2.0,2.0,2.0,2.0,0.0,1.0,0.0,1.0,2.0,2.0,1.0,0.0,0.0,1.0,1.0,1.0,0.0,2.0,2.0,2.0,2.0,2.0,1.0,1.0,2.0,0.0,1.0,0.0,0.0,0.0,2.0,0.0,2.0,0.0,2.0,1.0,1.0,2.0,2.0,2.0,0.0,1.0,1.0,1.0,0.0,2.0,2.0,1.0,1.0,0.0,1.0,0.0,1.0,1.0,1.0,1.0,1.0,1.0,1.0,2.0,2.0,2.0,1.0,0.0,0.0,1.0,0.0,2.0,1.0,0.0,2.0,0.0,0.0,0.0,2.0,2.0,2.0,1.0,2.0,0.0,0.0,2.0,2.0,2.0
29,1.0,0.0,1.0,2.0,0.0,1.0,2.0,2.0,1.0,2.0,1.0,0.0,2.0,2.0,2.0,0.0,2.0,2.0,2.0,2.0,0.0,1.0,0.0,0.0,1.0,1.0,2.0,0.0,0.0,1.0,2.0,1.0,2.0,0.0,0.0,1.0,1.0,1.0,2.0,0.0,2.0,0.0,0.0,2.0,0.0,1.0,0.0,1.0,0.0,0.0,0.0,1.0,0.0,1.0,1.0,0.0,0.0,2.0,2.0,2.0,0.0,0.0,2.0,1.0,0.0,2.0,1.0,1.0,0.0,0.0,1.0,1.0,2.0,1.0,2.0,2.0,2.0,2.0,2.0,2.0,0.0,2.0,0.0,2.0,1.0,2.0,2.0,0.0,0.0,2.0,1.0,2.0,2.0,2.0,0.0,0.0,1.0,1.0,1.0,2.0,2.0,2.0,2.0,0.0,0.0,0.0,0.0,0.0,0.0,0.0,0.0,0.0,0.0,1.0,1.0,1.0,1.0,0.0,0.0,1.0,0.0,2.0,0.0,1.0,2.0,1.0,1.0,0.0,0.0,1.0,0.0,1.0,0.0,2.0,1.0,0.0,1.0,1.0,0.0,1.0
30,1.0,0.0,2.0,2.0,1.0,1.0,0.0,1.0,2.0,1.0,0.0,1.0,1.0,1.0,2.0,1.0,0.0,1.0,0.0,0.0,0.0,1.0,1.0,1.0,1.0,2.0,0.0,1.0,0.0,0.0,0.0,2.0,2.0,2.0,2.0,1.0,2.0,1.0,1.0,2.0,2.0,1.0,0.0,0.0,1.0,1.0,2.0,0.0,0.0,0.0,0.0,1.0,1.0,2.0,1.0,2.0,0.0,0.0,2.0,2.0,0.0,0.0,1.0,1.0,0.0,2.0,0.0,2.0,0.0,0.0,1.0,1.0,2.0,1.0,2.0,2.0,2.0,2.0,2.0,1.0,1.0,0.0,1.0,0.0,1.0,2.0,2.0,0.0,0.0,2.0,1.0,1.0,2.0,2.0,0.0,1.0,0.0,1.0,0.0,2.0,2.0,2.0,0.0,0.0,0.0,0.0,0.0,2.0,0.0,2.0,2.0,1.0,1.0,1.0,0.0,1.0,1.0,1.0,1.0,2.0,1.0,0.0,2.0,1.0,2.0,1.0,0.0,1.0,0.0,2.0,2.0,2.0,0.0,1.0,0.0,1.0,0.0,2.0,2.0,0.0
31,0.0,1.0,2.0,1.0,1.0,0.0,1.0,1.0,0.0,2.0,0.0,1.0,2.0,1.0,1.0,0.0,1.0,2.0,2.0,0.0,2.0,2.0,1.0,1.0,1.0,0.0,1.0,2.0,2.0,0.0,0.0,2.0,2.0,2.0,2.0,1.0,1.0,2.0,1.0,1.0,1.0,2.0,1.0,0.0,1.0,1.0,0.0,1.0,1.0,1.0,0.0,1.0,1.0,0.0,2.0,1.0,2.0,0.0,0.0,2.0,0.0,0.0,1.0,1.0,0.0,2.0,2.0,2.0,0.0,0.0,1.0,1.0,2.0,1.0,2.0,2.0,2.0,2.0,2.0,2.0,0.0,0.0,1.0,0.0,2.0,2.0,2.0,0.0,0.0,1.0,2.0,0.0,2.0,0.0,0.0,2.0,1.0,1.0,2.0,2.0,2.0,2.0,0.0,0.0,2.0,2.0,0.0,2.0,2.0,0.0,0.0,2.0,2.0,0.0,1.0,0.0,2.0,0.0,0.0,1.0,0.0,2.0,1.0,2.0,1.0,1.0,0.0,2.0,1.0,0.0,2.0,1.0,2.0,2.0,1.0,2.0,0.0,0.0,2.0,1.0
32,2.0,2.0,2.0,2.0,0.0,1.0,2.0,0.0,0.0,1.0,0.0,2.0,2.0,0.0,1.0,1.0,1.0,0.0,1.0,1.0,0.0,2.0,0.0,1.0,1.0,0.0,2.0,1.0,0.0,1.0,0.0,0.0,0.0,0.0,2.0,2.0,1.0,0.0,2.0,0.0,2.0,0.0,2.0,0.0,0.0,1.0,1.0,1.0,0.0,0.0,1.0,0.0,1.0,1.0,2.0,1.0,1.0,2.0,0.0,0.0,0.0,0.0,1.0,0.0,1.0,2.0,2.0,2.0,0.0,0.0,0.0,1.0,1.0,2.0,1.0,2.0,2.0,2.0,2.0,2.0,1.0,0.0,1.0,0.0,2.0,2.0,2.0,0.0,2.0,1.0,1.0,2.0,0.0,0.0,1.0,1.0,0.0,0.0,2.0,0.0,2.0,2.0,1.0,0.0,2.0,2.0,0.0,1.0,0.0,1.0,2.0,2.0,2.0,0.0,1.0,1.0,0.0,1.0,1.0,0.0,2.0,1.0,1.0,1.0,2.0,0.0,2.0,0.0,1.0,1.0,1.0,2.0,2.0,2.0,0.0,1.0,0.0,2.0,2.0,2.0
33,2.0,2.0,0.0,1.0,0.0,2.0,0.0,1.0,1.0,0.0,0.0,1.0,1.0,2.0,1.0,1.0,2.0,2.0,1.0,0.0,2.0,2.0,2.0,2.0,1.0,0.0,0.0,2.0,0.0,2.0,1.0,0.0,2.0,1.0,0.0,0.0,1.0,2.0,0.0,1.0,1.0,2.0,0.0,1.0,0.0,0.0,1.0,0.0,2.0,0.0,1.0,1.0,1.0,1.0,0.0,2.0,1.0,1.0,2.0,0.0,0.0,0.0,1.0,2.0,1.0,0.0,2.0,1.0,2.0,0.0,0.0,1.0,1.0,2.0,2.0,2.0,2.0,2.0,2.0,2.0,2.0,1.0,2.0,1.0,2.0,2.0,2.0,0.0,2.0,1.0,1.0,2.0,0.0,1.0,1.0,1.0,1.0,2.0,1.0,1.0,0.0,2.0,2.0,2.0,2.0,0.0,0.0,0.0,2.0,0.0,2.0,1.0,2.0,2.0,1.0,1.0,0.0,0.0,1.0,2.0,1.0,1.0,1.0,2.0,2.0,1.0,1.0,1.0,0.0,1.0,0.0,2.0,0.0,1.0,2.0,2.0,2.0,2.0,0.0,1.0
34,1.0,0.0,2.0,2.0,0.0,2.0,1.0,0.0,1.0,1.0,1.0,1.0,2.0,2.0,0.0,1.0,0.0,0.0,0.0,2.0,1.0,0.0,1.0,1.0,0.0,1.0,1.0,1.0,1.0,1.0,2.0,1.0,2.0,2.0,2.0,0.0,1.0,1.0,0.0,2.0,1.0,1.0,0.0,2.0,2.0,0.0,1.0,0.0,1.0,0.0,0.0,1.0,1.0,1.0,1.0,0.0,1.0,1.0,1.0,1.0,2.0,2.0,1.0,1.0,1.0,0.0,2.0,0.0,2.0,0.0,0.0,1.0,1.0,2.0,2.0,2.0,2.0,2.0,2.0,2.0,2.0,1.0,2.0,0.0,2.0,2.0,2.0,2.0,1.0,2.0,2.0,0.0,0.0,0.0,1.0,0.0,2.0,2.0,2.0,2.0,2.0,1.0,0.0,0.0,1.0,1.0,1.0,1.0,0.0,1.0,1.0,1.0,0.0,0.0,2.0,1.0,2.0,0.0,2.0,2.0,0.0,0.0,2.0,0.0,2.0,2.0,0.0,0.0,0.0,2.0,1.0,1.0,1.0,0.0,1.0,0.0,2.0,2.0,2.0,0.0
35,2.0,1.0,1.0,1.0,1.0,2.0,1.0,2.0,1.0,0.0,2.0,1.0,1.0,0.0,2.0,1.0,2.0,0.0,2.0,1.0,1.0,0.0,0.0,2.0,2.0,0.0,2.0,2.0,2.0,1.0,0.0,2.0,2.0,2.0,1.0,2.0,0.0,2.0,2.0,2.0,1.0,1.0,2.0,0.0,1.0,0.0,0.0,0.0,0.0,1.0,1.0,0.0,1.0,1.0,1.0,1.0,2.0,1.0,1.0,1.0,1.0,1.0,1.0,1.0,1.0,0.0,2.0,2.0,2.0,2.0,0.0,0.0,1.0,1.0,2.0,2.0,2.0,2.0,2.0,2.0,2.0,2.0,0.0,1.0,2.0,2.0,2.0,2.0,1.0,1.0,2.0,0.0,1.0,1.0,0.0,2.0,2.0,2.0,0.0,0.0,0.0,1.0,0.0,2.0,0.0,1.0,1.0,0.0,2.0,1.0,2.0,1.0,2.0,0.0,2.0,0.0,2.0,2.0,2.0,1.0,0.0,0.0,1.0,1.0,1.0,0.0,0.0,0.0,1.0,0.0,2.0,1.0,0.0,0.0,1.0,2.0,0.0,0.0,2.0,2.0
36,0.0,2.0,1.0,2.0,2.0,2.0,0.0,0.0,1.0,2.0,1.0,0.0,0.0,1.0,2.0,0.0,0.0,2.0,2.0,2.0,2.0,0.0,1.0,2.0,1.0,0.0,0.0,1.0,0.0,2.0,0.0,0.0,2.0,1.0,2.0,1.0,2.0,0.0,2.0,2.0,2.0,1.0,1.0,0.0,2.0,1.0,0.0,0.0,0.0,0.0,0.0,2.0,1.0,1.0,1.0,1.0,1.0,1.0,1.0,1.0,1.0,1.0,1.0,1.0,1.0,0.0,2.0,2.0,2.0,2.0,0.0,0.0,1.0,1.0,2.0,2.0,2.0,2.0,2.0,2.0,2.0,2.0,0.0,1.0,2.0,2.0,2.0,1.0,1.0,2.0,0.0,1.0,1.0,1.0,2.0,2.0,2.0,0.0,0.0,2.0,1.0,0.0,0.0,2.0,1.0,2.0,1.0,2.0,0.0,1.0,2.0,2.0,1.0,2.0,0.0,0.0,0.0,1.0,0.0,1.0,1.0,1.0,0.0,1.0,0.0,0.0,2.0,1.0,0.0,2.0,2.0,2.0,2.0,0.0,2.0,2.0,0.0,2.0,1.0,2.0
37,1.0,2.0,2.0,0.0,0.0,1.0,2.0,1.0,1.0,0.0,1.0,2.0,1.0,0.0,1.0,1.0,2.0,0.0,2.0,2.0,0.0,1.0,2.0,2.0,2.0,2.0,0.0,2.0,1.0,2.0,2.0,0.0,0.0,2.0,0.0,0.0,1.0,2.0,2.0,2.0,2.0,1.0,1.0,0.0,0.0,2.0,0.0,0.0,0.0,0.0,1.0,1.0,1.0,1.0,1.0,1.0,1.0,1.0,1.0,1.0,1.0,1.0,1.0,1.0,1.0,0.0,2.0,2.0,2.0,2.0,1.0,0.0,1.0,1.0,2.0,2.0,2.0,2.0,2.0,2.0,2.0,2.0,1.0,1.0,2.0,2.0,2.0,1.0,1.0,2.0,1.0,1.0,1.0,2.0,2.0,0.0,0.0,0.0,1.0,2.0,1.0,0.0,0.0,0.0,2.0,1.0,0.0,0.0,2.0,2.0,0.0,1.0,1.0,0.0,2.0,2.0,2.0,0.0,1.0,1.0,0.0,2.0,0.0,2.0,0.0,2.0,1.0,0.0,1.0,1.0,1.0,2.0,1.0,1.0,2.0,1.0,2.0,0.0,0.0,2.0
38,1.0,0.0,1.0,1.0,0.0,0.0,2.0,1.0,2.0,2.0,0.0,1.0,2.0,0.0,0.0,2.0,1.0,1.0,2.0,2.0,1.0,2.0,2.0,0.0,0.0,1.0,1.0,2.0,0.0,2.0,0.0,0.0,0.0,0.0,1.0,0.0,1.0,1.0,2.0,2.0,2.0,2.0,1.0,2.0,0.0,2.0,1.0,0.0,0.0,0.0,0.0,1.0,1.0,1.0,1.0,1.0,1.0,1.0,1.0,1.0,1.0,1.0,1.0,1.0,1.0,2.0,2.0,2.0,2.0,2.0,2.0,0.0,0.0,1.0,1.0,2.0,2.0,2.0,2.0,2.0,2.0,2.0,1.0,1.0,2.0,2.0,1.0,1.0,2.0,0.0,1.0,1.0,0.0,2.0,0.0,0.0,1.0,1.0,0.0,0.0,2.0,2.0,2.0,1.0,0.0,2.0,1.0,1.0,1.0,1.0,1.0,1.0,1.0,1.0,1.0,2.0,1.0,2.0,2.0,0.0,1.0,1.0,0.0,0.0,2.0,2.0,0.0,1.0,2.0,2.0,2.0,2.0,1.0,1.0,1.0,0.0,1.0,2.0,2.0,0.0
39,0.0,1.0,1.0,1.0,1.0,0.0,0.0,2.0,1.0,0.0,0.0,2.0,1.0,0.0,1.0,2.0,0.0,2.0,2.0,0.0,1.0,2.0,1.0,0.0,1.0,0.0,1.0,1.0,1.0,2.0,1.0,1.0,0.0,0.0,0.0,2.0,0.0,1.0,1.0,2.0,2.0,2.0,1.0,1.0,0.0,0.0,2.0,0.0,0.0,0.0,0.0,0.0,0.0,1.0,1.0,1.0,1.0,1.0,1.0,1.0,1.0,1.0,1.0,1.0,0.0,2.0,2.0,2.0,2.0,2.0,2.0,1.0,0.0,1.0,1.0,2.0,2.0,2.0,2.0,2.0,2.0,2.0,1.0,1.0,2.0,2.0,1.0,1.0,0.0,1.0,1.0,0.0,0.0,0.0,0.0,2.0,0.0,2.0,2.0,1.0,2.0,1.0,1.0,0.0,1.0,2.0,0.0,2.0,2.0,2.0,2.0,0.0,0.0,1.0,2.0,0.0,1.0,2.0,1.0,0.0,2.0,1.0,0.0,0.0,0.0,1.0,0.0,2.0,0.0,2.0,2.0,1.0,0.0,2.0,1.0,2.0,0.0,1.0,2.0,1.0
40,1.0,2.0,1.0,2.0,0.0,0.0,2.0,2.0,0.0,0.0,0.0,0.0,2.0,0.0,0.0,0.0,0.0,0.0,0.0,1.0,0.0,1.0,2.0,0.0,2.0,2.0,0.0,1.0,1.0,1.0,2.0,1.0,2.0,0.0,0.0,0.0,2.0,0.0,1.0,1.0,2.0,2.0,1.0,1.0,0.0,0.0,0.0,1.0,0.0,0.0,0.0,0.0,0.0,1.0,1.0,1.0,1.0,1.0,1.0,1.0,1.0,1.0,1.0,0.0,2.0,2.0,2.0,2.0,2.0,2.0,2.0,2.0,0.0,1.0,1.0,2.0,2.0,2.0,2.0,2.0,2.0,2.0,1.0,1.0,2.0,1.0,1.0,2.0,1.0,1.0,0.0,0.0,0.0,0.0,0.0,2.0,1.0,1.0,0.0,2.0,0.0,0.0,0.0,1.0,1.0,0.0,1.0,1.0,2.0,0.0,1.0,2.0,2.0,0.0,0.0,2.0,2.0,1.0,0.0,0.0,2.0,1.0,2.0,1.0,1.0,2.0,0.0,1.0,2.0,0.0,2.0,1.0,0.0,1.0,1.0,0.0,2.0,2.0,2.0,2.0
41,2.0,1.0,1.0,0.0,1.0,2.0,2.0,1.0,0.0,0.0,1.0,2.0,1.0,2.0,0.0,2.0,1.0,1.0,0.0,0.0,2.0,0.0,1.0,2.0,2.0,1.0,1.0,0.0,0.0,1.0,0.0,2.0,2.0,0.0,1.0,0.0,0.0,2.0,0.0,1.0,1.0,2.0,1.0,1.0,2.0,0.0,0.0,2.0,0.0,0.0,0.0,0.0,0.0,0.0,1.0,1.0,1.0,1.0,1.0,1.0,1.0,2.0,2.0,2.0,2.0,2.0,2.0,2.0,2.0,2.0,2.0,2.0,2.0,1.0,1.0,2.0,2.0,2.0,2.0,2.0,2.0,2.0,1.0,1.0,2.0,1.0,1.0,0.0,1.0,1.0,0.0,0.0,0.0,2.0,0.0,1.0,0.0,1.0,2.0,2.0,2.0,1.0,1.0,2.0,1.0,1.0,0.0,2.0,1.0,1.0,1.0,2.0,2.0,1.0,1.0,2.0,0.0,2.0,0.0,0.0,0.0,1.0,1.0,1.0,0.0,2.0,1.0,0.0,1.0,0.0,1.0,1.0,0.0,0.0,1.0,2.0,2.0,2.0,2.0,0.0
42,1.0,2.0,0.0,1.0,0.0,1.0,2.0,0.0,1.0,0.0,1.0,2.0,0.0,0.0,2.0,0.0,0.0,0.0,2.0,2.0,1.0,0.0,1.0,0.0,1.0,1.0,1.0,1.0,2.0,0.0,1.0,1.0,1.0,2.0,0.0,0.0,1.0,0.0,2.0,0.0,1.0,1.0,1.0,1.0,2.0,0.0,0.0,0.0,0.0,0.0,0.0,0.0,0.0,0.0,1.0,1.0,1.0,2.0,2.0,2.0,2.0,2.0,2.0,2.0,2.0,2.0,2.0,2.0,2.0,2.0,2.0,2.0,2.0,2.0,1.0,2.0,2.0,2.0,2.0,2.0,2.0,2.0,1.0,1.0,1.0,1.0,2.0,1.0,1.0,0.0,0.0,0.0,0.0,1.0,0.0,2.0,1.0,1.0,0.0,0.0,2.0,1.0,1.0,1.0,1.0,1.0,1.0,2.0,2.0,0.0,2.0,0.0,1.0,1.0,2.0,2.0,1.0,1.0,2.0,1.0,2.0,1.0,1.0,0.0,0.0,0.0,1.0,1.0,1.0,0.0,1.0,2.0,2.0,2.0,1.0,2.0,0.0,2.0,2.0,1.0
43,0.0,0.0,1.0,0.0,0.0,0.0,0.0,2.0,2.0,1.0,1.0,2.0,0.0,1.0,1.0,2.0,1.0,0.0,0.0,1.0,2.0,1.0,2.0,1.0,1.0,0.0,0.0,0.0,0.0,1.0,1.0,0.0,2.0,1.0,2.0,2.0,1.0,1.0,0.0,2.0,0.0,1.0,1.0,1.0,2.0,0.0,0.0,0.0,0.0,0.0,0.0,0.0,0.0,0.0,0.0,2.0,2.0,2.0,2.0,2.0,2.0,2.0,2.0,2.0,2.0,2.0,2.0,2.0,2.0,2.0,2.0,2.0,2.0,2.0,2.0,2.0,2.0,2.0,2.0,2.0,2.0,2.0,1.0,2.0,1.0,1.0,1.0,1.0,0.0,0.0,2.0,2.0,1.0,1.0,1.0,0.0,0.0,0.0,0.0,0.0,0.0,0.0,0.0,0.0,0.0,0.0,0.0,0.0,0.0,0.0,1.0,2.0,2.0,2.0,0.0,1.0,1.0,0.0,0.0,2.0,0.0,0.0,0.0,2.0,1.0,1.0,0.0,2.0,2.0,1.0,2.0,1.0,0.0,1.0,1.0,0.0,1.0,2.0,1.0,1.0
44,2.0,1.0,0.0,2.0,2.0,2.0,1.0,0.0,0.0,2.0,1.0,0.0,2.0,2.0,0.0,2.0,0.0,2.0,1.0,1.0,1.0,2.0,0.0,2.0,0.0,0.0,1.0,2.0,2.0,0.0,1.0,2.0,0.0,0.0,0.0,2.0,2.0,1.0,1.0,0.0,2.0,0.0,2.0,1.0,0.0,0.0,0.0,0.0,0.0,0.0,0.0,0.0,0.0,0.0,2.0,2.0,2.0,2.0,2.0,2.0,2.0,2.0,2.0,2.0,2.0,2.0,2.0,2.0,2.0,2.0,2.0,2.0,2.0,2.0,2.0,2.0,2.0,2.0,2.0,2.0,2.0,2.0,0.0,2.0,1.0,2.0,1.0,1.0,0.0,1.0,0.0,1.0,0.0,0.0,0.0,0.0,0.0,0.0,0.0,0.0,0.0,0.0,0.0,0.0,0.0,0.0,0.0,0.0,0.0,0.0,0.0,1.0,0.0,1.0,0.0,1.0,2.0,1.0,2.0,0.0,2.0,2.0,1.0,2.0,1.0,2.0,0.0,2.0,1.0,0.0,2.0,1.0,0.0,1.0,2.0,0.0,1.0,0.0,1.0,1.0
45,0.0,2.0,1.0,0.0,2.0,2.0,1.0,0.0,0.0,2.0,0.0,0.0,2.0,1.0,0.0,2.0,2.0,0.0,0.0,1.0,2.0,0.0,2.0,1.0,0.0,2.0,1.0,1.0,2.0,2.0,0.0,0.0,1.0,1.0,1.0,0.0,2.0,2.0,2.0,0.0,0.0,2.0,0.0,0.0,0.0,0.0,0.0,0.0,0.0,0.0,0.0,0.0,2.0,2.0,2.0,2.0,2.0,2.0,2.0,2.0,2.0,2.0,2.0,2.0,2.0,2.0,2.0,2.0,2.0,2.0,2.0,2.0,2.0,2.0,2.0,2.0,2.0,2.0,2.0,2.0,2.0,2.0,2.0,1.0,1.0,1.0,1.0,0.0,0.0,1.0,0.0,0.0,0.0,0.0,0.0,0.0,0.0,0.0,0.0,0.0,0.0,0.0,0.0,0.0,0.0,0.0,0.0,0.0,0.0,0.0,1.0,2.0,0.0,1.0,0.0,1.0,1.0,1.0,2.0,0.0,2.0,0.0,1.0,0.0,0.0,2.0,1.0,1.0,0.0,1.0,1.0,1.0,1.0,2.0,0.0,0.0,2.0,2.0,0.0,1.0
46,1.0,1.0,1.0,1.0,0.0,1.0,0.0,0.0,2.0,2.0,1.0,1.0,1.0,2.0,0.0,1.0,2.0,0.0,0.0,0.0,0.0,2.0,1.0,2.0,1.0,2.0,0.0,2.0,2.0,0.0,2.0,2.0,0.0,1.0,1.0,1.0,2.0,2.0,2.0,1.0,1.0,0.0,1.0,0.0,0.0,0.0,0.0,0.0,0.0,0.0,0.0,2.0,2.0,2.0,2.0,2.0,2.0,2.0,2.0,2.0,2.0,2.0,2.0,2.0,2.0,2.0,2.0,2.0,2.0,2.0,2.0,2.0,2.0,2.0,2.0,2.0,2.0,2.0,2.0,2.0,2.0,2.0,1.0,1.0,1.0,1.0,0.0,0.0,0.0,0.0,0.0,0.0,0.0,0.0,0.0,0.0,0.0,0.0,0.0,0.0,0.0,0.0,0.0,0.0,0.0,0.0,0.0,1.0,1.0,2.0,2.0,0.0,1.0,0.0,1.0,1.0,1.0,1.0,0.0,1.0,0.0,2.0,0.0,0.0,0.0,2.0,0.0,2.0,2.0,0.0,1.0,1.0,2.0,1.0,0.0,1.0,2.0,2.0,0.0,2.0
47,2.0,1.0,1.0,0.0,2.0,2.0,2.0,0.0,2.0,2.0,1.0,1.0,0.0,1.0,0.0,0.0,1.0,2.0,2.0,2.0,0.0,1.0,2.0,1.0,0.0,2.0,1.0,1.0,1.0,2.0,0.0,1.0,0.0,0.0,1.0,1.0,1.0,2.0,1.0,2.0,2.0,1.0,0.0,0.0,0.0,0.0,0.0,0.0,0.0,0.0,2.0,2.0,2.0,2.0,2.0,2.0,2.0,2.0,2.0,2.0,2.0,2.0,2.0,2.0,2.0,2.0,2.0,2.0,2.0,2.0,2.0,2.0,2.0,2.0,2.0,2.0,2.0,2.0,2.0,2.0,2.0,2.0,1.0,1.0,1.0,1.0,1.0,0.0,0.0,0.0,0.0,0.0,0.0,0.0,0.0,0.0,0.0,0.0,0.0,0.0,0.0,0.0,0.0,1.0,1.0,1.0,2.0,2.0,0.0,0.0,2.0,2.0,0.0,0.0,1.0,2.0,1.0,1.0,1.0,0.0,2.0,0.0,2.0,2.0,2.0,1.0,0.0,0.0,1.0,2.0,2.0,0.0,2.0,0.0,0.0,1.0,1.0,2.0,2.0,2.0
48,1.0,2.0,0.0,1.0,0.0,0.0,2.0,1.0,2.0,1.0,2.0,0.0,2.0,0.0,2.0,0.0,1.0,1.0,2.0,0.0,0.0,0.0,2.0,0.0,1.0,2.0,2.0,0.0,0.0,0.0,1.0,2.0,2.0,0.0,0.0,1.0,1.0,0.0,2.0,1.0,2.0,2.0,1.0,0.0,0.0,0.0,0.0,0.0,0.0,2.0,2.0,2.0,2.0,2.0,2.0,2.0,2.0,2.0,2.0,2.0,2.0,2.0,2.0,2.0,2.0,2.0,2.0,2.0,2.0,2.0,2.0,2.0,2.0,2.0,2.0,2.0,2.0,2.0,2.0,2.0,2.0,2.0,1.0,1.0,1.0,1.0,0.0,0.0,0.0,0.0,0.0,0.0,0.0,0.0,0.0,0.0,0.0,0.0,0.0,0.0,0.0,0.0,0.0,0.0,0.0,0.0,0.0,1.0,1.0,0.0,1.0,2.0,1.0,2.0,2.0,2.0,0.0,1.0,2.0,2.0,0.0,1.0,0.0,2.0,2.0,1.0,1.0,0.0,1.0,2.0,2.0,2.0,1.0,2.0,1.0,1.0,1.0,0.0,2.0,0.0
49,2.0,2.0,0.0,1.0,2.0,0.0,1.0,2.0,0.0,1.0,0.0,2.0,1.0,2.0,1.0,0.0,1.0,0.0,2.0,0.0,2.0,0.0,1.0,2.0,0.0,2.0,1.0,0.0,2.0,2.0,0.0,1.0,2.0,0.0,0.0,0.0,1.0,1.0,2.0,2.0,1.0,2.0,2.0,2.0,1.0,0.0,0.0,0.0,2.0,2.0,2.0,2.0,2.0,2.0,2.0,2.0,2.0,2.0,2.0,2.0,2.0,2.0,2.0,2.0,2.0,2.0,2.0,2.0,2.0,2.0,2.0,2.0,2.0,2.0,2.0,2.0,2.0,2.0,2.0,2.0,2.0,1.0,1.0,1.0,0.0,0.0,0.0,0.0,0.0,0.0,0.0,0.0,0.0,0.0,0.0,0.0,0.0,0.0,0.0,0.0,0.0,0.0,1.0,1.0,1.0,1.0,1.0,1.0,1.0,1.0,1.0,2.0,2.0,2.0,1.0,2.0,0.0,1.0,1.0,0.0,0.0,1.0,1.0,0.0,1.0,0.0,1.0,1.0,0.0,0.0,1.0,2.0,1.0,1.0,2.0,1.0,1.0,0.0,0.0,1.0
50,0.0,0.0,1.0,1.0,0.0,0.0,1.0,0.0,2.0,2.0,1.0,1.0,0.0,1.0,2.0,1.0,1.0,0.0,2.0,0.0,2.0,2.0,2.0,1.0,2.0,0.0,0.0,0.0,2.0,2.0,2.0,0.0,1.0,2.0,0.0,0.0,0.0,1.0,1.0,2.0,2.0,2.0,2.0,2.0,2.0,2.0,2.0,2.0,2.0,2.0,2.0,2.0,2.0,2.0,2.0,2.0,2.0,2.0,2.0,2.0,2.0,2.0,2.0,2.0,2.0,2.0,2.0,2.0,2.0,2.0,2.0,2.0,2.0,2.0,2.0,2.0,2.0,2.0,2.0,2.0,2.0,1.0,1.0,0.0,0.0,0.0,0.0,0.0,0.0,0.0,0.0,0.0,0.0,0.0,0.0,0.0,0.0,0.0,1.0,1.0,1.0,1.0,1.0,1.0,1.0,1.0,1.0,1.0,2.0,2.0,1.0,2.0,1.0,2.0,0.0,1.0,0.0,0.0,2.0,2.0,2.0,0.0,0.0,1.0,0.0,1.0,2.0,2.0,0.0,2.0,1.0,0.0,2.0,0.0,1.0,1.0,2.0,2.0,2.0,1.0
51,2.0,1.0,2.0,2.0,0.0,0.0,1.0,1.0,0.0,1.0,2.0,2.0,0.0,2.0,0.0,0.0,2.0,0.0,2.0,2.0,2.0,0.0,0.0,1.0,2.0,1.0,2.0,0.0,2.0,2.0,2.0,2.0,0.0,1.0,2.0,0.0,0.0,0.0,1.0,1.0,2.0,2.0,2.0,2.0,2.0,2.0,2.0,2.0,2.0,2.0,2.0,2.0,2.0,2.0,2.0,2.0,2.0,2.0,2.0,2.0,2.0,2.0,2.0,2.0,2.0,2.0,2.0,2.0,2.0,2.0,2.0,2.0,2.0,2.0,2.0,2.0,2.0,2.0,2.0,2.0,2.0,1.0,0.0,0.0,0.0,0.0,0.0,0.0,0.0,0.0,0.0,0.0,0.0,0.0,0.0,1.0,1.0,1.0,1.0,1.0,1.0,1.0,1.0,2.0,2.0,2.0,2.0,2.0,2.0,2.0,2.0,0.0,0.0,2.0,0.0,0.0,0.0,0.0,0.0,1.0,1.0,2.0,2.0,2.0,1.0,1.0,2.0,2.0,1.0,1.0,2.0,2.0,0.0,0.0,1.0,1.0,1.0,1.0,0.0,1.0
52,0.0,0.0,1.0,0.0,2.0,1.0,1.0,0.0,2.0,0.0,1.0,0.0,2.0,0.0,0.0,0.0,2.0,1.0,1.0,1.0,0.0,0.0,2.0,2.0,2.0,2.0,0.0,2.0,2.0,2.0,2.0,2.0,2.0,0.0,2.0,2.0,0.0,0.0,1.0,1.0,1.0,2.0,2.0,2.0,2.0,2.0,2.0,2.0,2.0,2.0,2.0,2.0,2.0,2.0,2.0,2.0,2.0,2.0,2.0,2.0,2.0,2.0,2.0,2.0,2.0,2.0,2.0,2.0,2.0,2.0,2.0,2.0,2.0,2.0,2.0,2.0,2.0,2.0,2.0,2.0,1.0,1.0,0.0,0.0,0.0,0.0,0.0,0.0,0.0,0.0,0.0,0.0,0.0,1.0,1.0,1.0,1.0,1.0,2.0,2.0,2.0,2.0,2.0,2.0,2.0,2.0,2.0,2.0,0.0,0.0,1.0,2.0,0.0,0.0,2.0,0.0,0.0,0.0,1.0,0.0,1.0,2.0,1.0,2.0,1.0,1.0,0.0,2.0,1.0,0.0,0.0,2.0,2.0,2.0,2.0,0.0,1.0,2.0,0.0,0.0
53,0.0,1.0,0.0,1.0,0.0,0.0,1.0,1.0,1.0,2.0,0.0,2.0,1.0,0.0,0.0,1.0,1.0,0.0,2.0,2.0,0.0,1.0,1.0,2.0,0.0,2.0,1.0,1.0,0.0,2.0,2.0,2.0,2.0,2.0,0.0,2.0,0.0,0.0,0.0,1.0,1.0,1.0,2.0,2.0,2.0,2.0,2.0,2.0,2.0,2.0,2.0,2.0,2.0,2.0,2.0,2.0,2.0,2.0,2.0,2.0,2.0,2.0,2.0,2.0,2.0,2.0,2.0,2.0,2.0,2.0,2.0,2.0,2.0,2.0,2.0,2.0,2.0,2.0,2.0,2.0,1.0,0.0,0.0,0.0,0.0,0.0,0.0,0.0,0.0,0.0,0.0,0.0,0.0,1.0,1.0,2.0,2.0,2.0,2.0,2.0,2.0,2.0,2.0,0.0,0.0,0.0,0.0,1.0,2.0,0.0,0.0,0.0,0.0,2.0,2.0,1.0,1.0,1.0,1.0,1.0,2.0,2.0,0.0,1.0,2.0,2.0,0.0,1.0,1.0,1.0,2.0,2.0,2.0,2.0,0.0,1.0,2.0,1.0,1.0,1.0
54,0.0,2.0,2.0,0.0,1.0,2.0,2.0,1.0,0.0,2.0,2.0,2.0,1.0,2.0,2.0,1.0,2.0,2.0,1.0,1.0,2.0,1.0,1.0,0.0,0.0,1.0,0.0,1.0,2.0,2.0,2.0,2.0,2.0,2.0,2.0,0.0,2.0,0.0,0.0,0.0,1.0,1.0,2.0,2.0,2.0,2.0,2.0,2.0,2.0,2.0,2.0,2.0,2.0,2.0,2.0,2.0,2.0,2.0,2.0,2.0,2.0,2.0,2.0,2.0,2.0,2.0,2.0,2.0,2.0,2.0,2.0,2.0,2.0,2.0,2.0,2.0,2.0,2.0,2.0,1.0,0.0,0.0,0.0,0.0,0.0,0.0,0.0,0.0,0.0,0.0,0.0,0.0,0.0,0.0,0.0,0.0,0.0,0.0,0.0,0.0,0.0,0.0,0.0,0.0,1.0,2.0,0.0,0.0,0.0,0.0,0.0,2.0,1.0,0.0,1.0,1.0,1.0,1.0,2.0,0.0,1.0,1.0,2.0,0.0,1.0,1.0,0.0,1.0,1.0,2.0,1.0,2.0,2.0,0.0,2.0,0.0,0.0,1.0,1.0,0.0
55,1.0,1.0,2.0,2.0,0.0,2.0,2.0,2.0,1.0,2.0,1.0,0.0,1.0,1.0,2.0,1.0,1.0,1.0,2.0,2.0,0.0,1.0,2.0,1.0,2.0,0.0,2.0,1.0,0.0,0.0,2.0,2.0,2.0,2.0,2.0,2.0,2.0,2.0,0.0,0.0,0.0,1.0,1.0,2.0,2.0,2.0,2.0,2.0,2.0,2.0,2.0,2.0,2.0,2.0,2.0,2.0,2.0,2.0,2.0,2.0,2.0,2.0,2.0,2.0,2.0,2.0,2.0,2.0,2.0,2.0,2.0,2.0,2.0,2.0,2.0,2.0,2.0,2.0,2.0,1.0,0.0,0.0,0.0,0.0,0.0,0.0,0.0,0.0,0.0,0.0,0.0,0.0,0.0,0.0,0.0,0.0,0.0,0.0,0.0,0.0,0.0,0.0,0.0,0.0,0.0,0.0,0.0,0.0,2.0,0.0,1.0,1.0,1.0,1.0,2.0,2.0,0.0,0.0,0.0,1.0,0.0,0.0,0.0,2.0,2.0,0.0,2.0,2.0,0.0,0.0,1.0,2.0,0.0,1.0,1.0,0.0,2.0,1.0,2.0,2.0
56,2.0,1.0,0.0,2.0,0.0,0.0,2.0,0.0,0.0,0.0,2.0,1.0,1.0,1.0,0.0,2.0,0.0,2.0,2.0,1.0,2.0,1.0,0.0,2.0,2.0,1.0,0.0,2.0,1.0,2.0,2.0,2.0,2.0,2.0,2.0,2.0,2.0,2.0,2.0,0.0,0.0,0.0,1.0,1.0,2.0,2.0,2.0,2.0,2.0,2.0,2.0,2.0,2.0,2.0,2.0,2.0,2.0,2.0,2.0,2.0,2.0,2.0,2.0,2.0,2.0,2.0,2.0,2.0,2.0,2.0,2.0,2.0,2.0,2.0,2.0,2.0,2.0,2.0,1.0,0.0,0.0,0.0,0.0,0.0,0.0,0.0,0.0,0.0,0.0,0.0,0.0,0.0,0.0,0.0,0.0,0.0,0.0,0.0,0.0,0.0,0.0,0.0,0.0,0.0,0.0,2.0,1.0,1.0,1.0,1.0,0.0,2.0,0.0,1.0,1.0,2.0,2.0,0.0,2.0,1.0,2.0,2.0,1.0,2.0,0.0,0.0,2.0,1.0,1.0,1.0,0.0,1.0,1.0,2.0,1.0,0.0,1.0,2.0,0.0,1.0
57,1.0,1.0,1.0,2.0,2.0,1.0,2.0,1.0,0.0,0.0,0.0,2.0,2.0,0.0,2.0,2.0,2.0,2.0,1.0,2.0,0.0,0.0,2.0,1.0,2.0,2.0,0.0,0.0,0.0,0.0,1.0,2.0,2.0,2.0,2.0,2.0,2.0,2.0,2.0,2.0,0.0,0.0,0.0,1.0,2.0,2.0,2.0,2.0,2.0,2.0,2.0,2.0,2.0,2.0,2.0,2.0,2.0,2.0,2.0,2.0,2.0,2.0,2.0,2.0,2.0,2.0,2.0,2.0,2.0,2.0,2.0,2.0,2.0,2.0,2.0,2.0,2.0,2.0,0.0,0.0,0.0,0.0,0.0,0.0,0.0,0.0,0.0,0.0,0.0,0.0,0.0,0.0,0.0,0.0,0.0,0.0,0.0,0.0,0.0,0.0,0.0,0.0,0.0,2.0,1.0,1.0,1.0,2.0,2.0,1.0,1.0,2.0,2.0,2.0,2.0,2.0,2.0,2.0,2.0,0.0,2.0,0.0,1.0,1.0,0.0,2.0,2.0,2.0,2.0,1.0,1.0,0.0,2.0,0.0,0.0,1.0,2.0,2.0,1.0,2.0
58,1.0,0.0,2.0,1.0,1.0,0.0,1.0,0.0,1.0,2.0,1.0,2.0,0.0,2.0,2.0,0.0,2.0,2.0,2.0,1.0,1.0,2.0,1.0,0.0,0.0,2.0,1.0,0.0,2.0,1.0,0.0,0.0,2.0,2.0,2.0,2.0,2.0,2.0,2.0,2.0,2.0,0.0,0.0,0.0,2.0,2.0,2.0,2.0,2.0,2.0,2.0,2.0,2.0,2.0,2.0,2.0,2.0,2.0,2.0,2.0,2.0,2.0,2.0,2.0,2.0,2.0,2.0,2.0,2.0,2.0,2.0,2.0,2.0,2.0,2.0,2.0,2.0,1.0,0.0,0.0,0.0,0.0,0.0,0.0,0.0,0.0,0.0,0.0,0.0,0.0,0.0,0.0,0.0,0.0,0.0,0.0,0.0,0.0,0.0,0.0,0.0,2.0,1.0,1.0,1.0,1.0,1.0,1.0,2.0,2.0,2.0,2.0,2.0,0.0,0.0,0.0,0.0,0.0,1.0,2.0,0.0,2.0,2.0,0.0,0.0,0.0,0.0,1.0,2.0,0.0,2.0,1.0,2.0,0.0,1.0,2.0,2.0,1.0,2.0,0.0
59,1.0,2.0,0.0,1.0,2.0,1.0,0.0,2.0,2.0,1.0,2.0,1.0,2.0,0.0,1.0,2.0,2.0,2.0,2.0,2.0,1.0,1.0,0.0,0.0,2.0,0.0,2.0,2.0,0.0,2.0,1.0,0.0,2.0,2.0,2.0,2.0,2.0,2.0,2.0,2.0,2.0,2.0,2.0,0.0,2.0,2.0,2.0,2.0,2.0,2.0,2.0,2.0,2.0,2.0,2.0,2.0,2.0,2.0,2.0,2.0,2.0,2.0,2.0,2.0,2.0,2.0,2.0,2.0,2.0,2.0,2.0,2.0,2.0,2.0,2.0,2.0,2.0,0.0,0.0,0.0,0.0,0.0,0.0,0.0,0.0,0.0,0.0,0.0,0.0,0.0,0.0,0.0,0.0,0.0,0.0,0.0,0.0,0.0,0.0,0.0,2.0,1.0,1.0,1.0,1.0,1.0,0.0,2.0,2.0,2.0,2.0,0.0,0.0,0.0,0.0,1.0,0.0,2.0,1.0,2.0,0.0,0.0,2.0,1.0,2.0,2.0,2.0,1.0,0.0,1.0,0.0,1.0,1.0,0.0,2.0,0.0,0.0,2.0,1.0,2.0
60,2.0,2.0,0.0,2.0,1.0,0.0,2.0,1.0,0.0,1.0,1.0,2.0,0.0,1.0,2.0,2.0,0.0,2.0,2.0,0.0,2.0,1.0,1.0,2.0,1.0,2.0,0.0,2.0,1.0,0.0,2.0,1.0,2.0,2.0,2.0,2.0,2.0,2.0,2.0,2.0,2.0,2.0,2.0,2.0,2.0,2.0,2.0,2.0,2.0,2.0,2.0,2.0,2.0,2.0,2.0,2.0,2.0,2.0,2.0,2.0,2.0,2.0,2.0,2.0,2.0,2.0,2.0,2.0,2.0,2.0,2.0,2.0,2.0,2.0,2.0,2.0,0.0,0.0,0.0,0.0,0.0,0.0,0.0,0.0,0.0,0.0,0.0,0.0,0.0,0.0,0.0,0.0,0.0,0.0,0.0,0.0,0.0,0.0,0.0,0.0,1.0,1.0,1.0,1.0,1.0,1.0,2.0,2.0,2.0,2.0,0.0,0.0,0.0,0.0,0.0,1.0,2.0,0.0,0.0,2.0,1.0,2.0,1.0,1.0,0.0,2.0,1.0,2.0,2.0,0.0,0.0,1.0,2.0,0.0,2.0,2.0,0.0,1.0,2.0,0.0
61,0.0,2.0,2.0,2.0,0.0,1.0,1.0,2.0,0.0,0.0,0.0,1.0,1.0,2.0,0.0,1.0,2.0,2.0,2.0,2.0,1.0,2.0,1.0,1.0,2.0,2.0,1.0,0.0,2.0,1.0,0.0,2.0,1.0,2.0,2.0,2.0,2.0,2.0,2.0,2.0,2.0,2.0,2.0,2.0,2.0,2.0,2.0,2.0,2.0,2.0,2.0,2.0,2.0,2.0,2.0,2.0,2.0,2.0,2.0,2.0,2.0,2.0,2.0,2.0,2.0,2.0,2.0,2.0,2.0,2.0,2.0,2.0,2.0,2.0,2.0,2.0,0.0,0.0,0.0,0.0,0.0,0.0,0.0,0.0,0.0,0.0,0.0,0.0,0.0,0.0,0.0,0.0,0.0,0.0,0.0,0.0,0.0,0.0,0.0,0.0,1.0,1.0,1.0,1.0,1.0,1.0,1.0,0.0,2.0,2.0,2.0,2.0,0.0,0.0,0.0,0.0,0.0,0.0,0.0,0.0,0.0,2.0,0.0,1.0,1.0,0.0,0.0,0.0,0.0,1.0,2.0,1.0,0.0,1.0,2.0,0.0,1.0,2.0,0.0,1.0
62,2.0,2.0,2.0,0.0,0.0,1.0,2.0,0.0,1.0,0.0,1.0,0.0,2.0,2.0,1.0,2.0,0.0,1.0,2.0,2.0,2.0,1.0,0.0,1.0,1.0,2.0,0.0,0.0,0.0,2.0,1.0,0.0,2.0,1.0,2.0,2.0,2.0,2.0,2.0,2.0,2.0,2.0,2.0,2.0,2.0,2.0,2.0,2.0,2.0,2.0,2.0,2.0,2.0,2.0,2.0,2.0,2.0,2.0,2.0,2.0,2.0,2.0,2.0,2.0,2.0,2.0,2.0,2.0,2.0,2.0,2.0,2.0,2.0,2.0,2.0,0.0,0.0,0.0,0.0,0.0,0.0,0.0,0.0,0.0,0.0,0.0,0.0,0.0,0.0,0.0,0.0,0.0,0.0,0.0,0.0,0.0,0.0,0.0,0.0,0.0,1.0,1.0,1.0,1.0,1.0,1.0,1.0,1.0,1.0,0.0,2.0,2.0,2.0,2.0,2.0,2.0,2.0,2.0,2.0,0.0,1.0,2.0,2.0,0.0,0.0,1.0,0.0,1.0,1.0,2.0,2.0,2.0,1.0,1.0,1.0,1.0,0.0,2.0,1.0,0.0
63,0.0,1.0,0.0,0.0,2.0,2.0,0.0,2.0,2.0,0.0,1.0,0.0,0.0,1.0,0.0,1.0,1.0,1.0,2.0,1.0,1.0,1.0,1.0,0.0,1.0,1.0,2.0,2.0,2.0,0.0,2.0,1.0,1.0,2.0,1.0,2.0,2.0,2.0,2.0,2.0,2.0,2.0,2.0,2.0,2.0,2.0,2.0,2.0,2.0,2.0,2.0,2.0,2.0,2.0,2.0,2.0,2.0,2.0,2.0,2.0,2.0,2.0,2.0,2.0,2.0,2.0,2.0,2.0,2.0,2.0,2.0,2.0,2.0,2.0,2.0,0.0,0.0,0.0,0.0,0.0,0.0,0.0,0.0,0.0,0.0,0.0,0.0,0.0,0.0,0.0,0.0,0.0,0.0,0.0,0.0,0.0,0.0,0.0,0.0,0.0,1.0,1.0,1.0,1.0,1.0,1.0,1.0,1.0,1.0,1.0,1.0,1.0,1.0,0.0,2.0,2.0,2.0,2.0,0.0,1.0,0.0,2.0,2.0,2.0,1.0,1.0,2.0,1.0,0.0,0.0,0.0,2.0,2.0,2.0,1.0,1.0,1.0,2.0,2.0,1.0
64,2.0,2.0,0.0,2.0,2.0,1.0,1.0,2.0,0.0,1.0,2.0,0.0,0.0,1.0,0.0,1.0,1.0,2.0,1.0,1.0,1.0,2.0,0.0,0.0,0.0,1.0,1.0,1.0,2.0,2.0,1.0,2.0,2.0,0.0,1.0,0.0,0.0,2.0,2.0,2.0,2.0,2.0,2.0,2.0,2.0,2.0,2.0,2.0,2.0,2.0,2.0,2.0,2.0,2.0,2.0,2.0,2.0,2.0,2.0,2.0,2.0,2.0,2.0,2.0,2.0,2.0,2.0,2.0,2.0,2.0,2.0,2.0,2.0,2.0,0.0,0.0,0.0,0.0,0.0,0.0,0.0,0.0,0.0,0.0,0.0,0.0,0.0,0.0,0.0,0.0,0.0,0.0,0.0,0.0,0.0,0.0,0.0,0.0,0.0,0.0,2.0,1.0,1.0,1.0,1.0,1.0,1.0,1.0,1.0,1.0,1.0,1.0,1.0,1.0,0.0,0.0,0.0,0.0,0.0,1.0,1.0,1.0,1.0,0.0,0.0,0.0,2.0,1.0,1.0,0.0,2.0,1.0,2.0,2.0,2.0,0.0,2.0,1.0,0.0,0.0
65,0.0,1.0,0.0,1.0,1.0,2.0,1.0,0.0,2.0,2.0,2.0,1.0,0.0,0.0,0.0,2.0,0.0,0.0,0.0,2.0,0.0,1.0,1.0,1.0,1.0,1.0,1.0,1.0,1.0,2.0,2.0,2.0,2.0,2.0,1.0,1.0,2.0,0.0,2.0,2.0,2.0,2.0,2.0,2.0,2.0,2.0,2.0,2.0,2.0,2.0,2.0,2.0,2.0,2.0,2.0,2.0,2.0,2.0,2.0,2.0,2.0,2.0,2.0,2.0,2.0,2.0,2.0,2.0,2.0,2.0,2.0,2.0,2.0,0.0,0.0,0.0,0.0,0.0,0.0,0.0,0.0,0.0,0.0,0.0,0.0,0.0,0.0,0.0,0.0,0.0,0.0,0.0,0.0,0.0,0.0,0.0,0.0,0.0,0.0,0.0,0.0,1.0,1.0,1.0,1.0,1.0,1.0,2.0,2.0,2.0,2.0,2.0,2.0,2.0,2.0,2.0,2.0,2.0,2.0,2.0,2.0,2.0,2.0,0.0,1.0,2.0,1.0,0.0,2.0,1.0,0.0,1.0,0.0,0.0,1.0,2.0,2.0,0.0,2.0,2.0
66,1.0,0.0,0.0,1.0,1.0,1.0,1.0,0.0,2.0,0.0,1.0,1.0,1.0,2.0,1.0,1.0,0.0,0.0,0.0,0.0,0.0,0.0,0.0,2.0,2.0,1.0,1.0,1.0,1.0,1.0,1.0,2.0,2.0,2.0,2.0,2.0,1.0,0.0,2.0,0.0,2.0,2.0,2.0,2.0,2.0,2.0,2.0,2.0,2.0,2.0,2.0,2.0,2.0,2.0,2.0,2.0,2.0,2.0,2.0,2.0,2.0,2.0,2.0,2.0,2.0,2.0,2.0,2.0,2.0,2.0,2.0,2.0,2.0,0.0,0.0,0.0,0.0,0.0,0.0,0.0,0.0,0.0,0.0,0.0,0.0,0.0,0.0,0.0,0.0,0.0,0.0,0.0,0.0,0.0,0.0,0.0,0.0,0.0,0.0,0.0,0.0,1.0,1.0,1.0,1.0,1.0,1.0,1.0,1.0,1.0,1.0,1.0,1.0,1.0,1.0,1.0,1.0,1.0,1.0,1.0,1.0,1.0,2.0,0.0,0.0,0.0,1.0,1.0,2.0,1.0,0.0,0.0,2.0,1.0,2.0,2.0,1.0,1.0,2.0,0.0
67,2.0,0.0,0.0,1.0,0.0,2.0,0.0,0.0,1.0,1.0,1.0,0.0,2.0,1.0,0.0,0.0,1.0,1.0,2.0,2.0,2.0,0.0,0.0,0.0,0.0,0.0,0.0,0.0,0.0,2.0,2.0,2.0,2.0,2.0,2.0,2.0,2.0,2.0,1.0,0.0,2.0,0.0,2.0,2.0,2.0,2.0,2.0,2.0,2.0,2.0,2.0,2.0,2.0,2.0,2.0,2.0,2.0,2.0,2.0,2.0,2.0,2.0,2.0,2.0,2.0,2.0,2.0,2.0,2.0,2.0,2.0,2.0,0.0,0.0,0.0,0.0,0.0,0.0,0.0,0.0,0.0,0.0,0.0,0.0,0.0,0.0,0.0,0.0,0.0,0.0,0.0,0.0,0.0,0.0,0.0,0.0,0.0,0.0,0.0,0.0,0.0,1.0,1.0,1.0,1.0,1.0,1.0,1.0,1.0,1.0,1.0,1.0,1.0,1.0,2.0,2.0,2.0,2.0,0.0,0.0,0.0,0.0,0.0,0.0,0.0,2.0,1.0,2.0,0.0,2.0,2.0,2.0,1.0,2.0,2.0,1.0,2.0,2.0,1.0,2.0
68,1.0,1.0,1.0,0.0,1.0,2.0,1.0,2.0,1.0,1.0,0.0,0.0,0.0,0.0,0.0,1.0,1.0,2.0,2.0,2.0,0.0,0.0,0.0,0.0,1.0,1.0,2.0,2.0,0.0,0.0,0.0,0.0,0.0,0.0,0.0,0.0,0.0,0.0,2.0,2.0,2.0,2.0,0.0,2.0,2.0,2.0,2.0,2.0,2.0,2.0,2.0,2.0,2.0,2.0,2.0,2.0,2.0,2.0,2.0,2.0,2.0,2.0,2.0,2.0,2.0,2.0,2.0,2.0,2.0,2.0,2.0,2.0,0.0,0.0,0.0,0.0,0.0,0.0,0.0,0.0,0.0,0.0,0.0,0.0,0.0,0.0,0.0,0.0,0.0,0.0,0.0,0.0,0.0,0.0,0.0,0.0,0.0,0.0,0.0,0.0,0.0,1.0,1.0,1.0,1.0,1.0,1.0,1.0,1.0,1.0,1.0,1.0,1.0,1.0,1.0,1.0,1.0,1.0,1.0,1.0,1.0,1.0,2.0,1.0,2.0,0.0,1.0,1.0,0.0,2.0,0.0,2.0,2.0,0.0,0.0,0.0,2.0,2.0,0.0,0.0
69,2.0,1.0,1.0,2.0,0.0,0.0,1.0,2.0,2.0,1.0,2.0,1.0,1.0,0.0,0.0,2.0,2.0,2.0,2.0,2.0,2.0,2.0,2.0,2.0,2.0,2.0,2.0,2.0,2.0,1.0,0.0,0.0,0.0,0.0,0.0,0.0,0.0,0.0,0.0,0.0,0.0,0.0,0.0,0.0,0.0,0.0,0.0,2.0,2.0,2.0,2.0,2.0,2.0,2.0,2.0,2.0,2.0,2.0,2.0,2.0,2.0,2.0,2.0,2.0,2.0,2.0,2.0,2.0,2.0,2.0,2.0,0.0,0.0,0.0,0.0,0.0,0.0,0.0,0.0,0.0,0.0,0.0,0.0,0.0,0.0,0.0,0.0,0.0,0.0,0.0,0.0,0.0,0.0,0.0,0.0,0.0,0.0,0.0,0.0,0.0,0.0,0.0,1.0,1.0,1.0,1.0,1.0,1.0,1.0,2.0,2.0,2.0,2.0,2.0,2.0,2.0,2.0,2.0,2.0,2.0,0.0,0.0,0.0,2.0,2.0,0.0,0.0,1.0,1.0,2.0,0.0,1.0,1.0,1.0,1.0,1.0,2.0,1.0,0.0,0.0
70,0.0,0.0,0.0,0.0,0.0,0.0,0.0,0.0,0.0,0.0,0.0,0.0,0.0,0.0,0.0,0.0,0.0,0.0,0.0,0.0,0.0,0.0,0.0,0.0,0.0,0.0,0.0,0.0,0.0,0.0,0.0,0.0,0.0,0.0,0.0,0.0,0.0,0.0,0.0,0.0,0.0,0.0,0.0,0.0,0.0,0.0,0.0,0.0,0.0,0.0,0.0,0.0,0.0,0.0,0.0,0.0,0.0,0.0,0.0,0.0,0.0,2.0,2.0,2.0,2.0,2.0,2.0,2.0,2.0,2.0,0.0,0.0,0.0,0.0,0.0,0.0,0.0,0.0,0.0,0.0,0.0,0.0,0.0,0.0,0.0,0.0,0.0,0.0,0.0,0.0,0.0,0.0,0.0,0.0,0.0,0.0,0.0,0.0,0.0,0.0,0.0,0.0,0.0,0.0,0.0,0.0,0.0,0.0,0.0,0.0,0.0,0.0,0.0,1.0,0.0,0.0,0.0,0.0,0.0,0.0,0.0,0.0,0.0,0.0,0.0,0.0,0.0,0.0,0.0,0.0,0.0,0.0,0.0,0.0,0.0,0.0,0.0,0.0,0.0,0.0
71,1.0,2.0,2.0,1.0,0.0,0.0,2.0,1.0,1.0,2.0,1.0,2.0,2.0,0.0,0.0,1.0,1.0,1.0,1.0,1.0,1.0,1.0,1.0,1.0,1.0,1.0,1.0,1.0,1.0,2.0,0.0,0.0,0.0,0.0,0.0,0.0,0.0,0.0,0.0,0.0,0.0,0.0,0.0,0.0,0.0,0.0,0.0,1.0,1.0,1.0,1.0,1.0,1.0,1.0,1.0,1.0,1.0,1.0,1.0,1.0,1.0,1.0,1.0,1.0,1.0,1.0,1.0,1.0,1.0,1.0,1.0,0.0,0.0,0.0,0.0,0.0,0.0,0.0,0.0,0.0,0.0,0.0,0.0,0.0,0.0,0.0,0.0,0.0,0.0,0.0,0.0,0.0,0.0,0.0,0.0,0.0,0.0,0.0,0.0,0.0,0.0,0.0,2.0,2.0,2.0,2.0,2.0,2.0,2.0,1.0,1.0,1.0,1.0,1.0,1.0,1.0,1.0,1.0,1.0,1.0,0.0,0.0,0.0,1.0,1.0,0.0,0.0,2.0,2.0,1.0,0.0,2.0,2.0,2.0,2.0,2.0,1.0,2.0,0.0,0.0
72,2.0,2.0,2.0,0.0,2.0,1.0,2.0,1.0,2.0,2.0,0.0,0.0,0.0,0.0,0.0,2.0,2.0,1.0,1.0,1.0,0.0,0.0,0.0,0.0,2.0,2.0,1.0,1.0,0.0,0.0,0.0,0.0,0.0,0.0,0.0,0.0,0.0,0.0,1.0,1.0,1.0,1.0,0.0,1.0,1.0,1.0,1.0,1.0,1.0,1.0,1.0,1.0,1.0,1.0,1.0,1.0,1.0,1.0,1.0,1.0,1.0,1.0,1.0,1.0,1.0,1.0,1.0,1.0,1.0,1.0,1.0,1.0,0.0,0.0,0.0,0.0,0.0,0.0,0.0,0.0,0.0,0.0,0.0,0.0,0.0,0.0,0.0,0.0,0.0,0.0,0.0,0.0,0.0,0.0,0.0,0.0,0.0,0.0,0.0,0.0,0.0,2.0,2.0,2.0,2.0,2.0,2.0,2.0,2.0,2.0,2.0,2.0,2.0,2.0,2.0,2.0,2.0,2.0,2.0,2.0,2.0,2.0,1.0,2.0,1.0,0.0,2.0,2.0,0.0,1.0,0.0,1.0,1.0,0.0,0.0,0.0,1.0,1.0,0.0,0.0
73,1.0,0.0,0.0,2.0,0.0,1.0,0.0,0.0,2.0,2.0,2.0,0.0,1.0,2.0,0.0,0.0,2.0,2.0,1.0,1.0,1.0,0.0,0.0,0.0,0.0,0.0,0.0,0.0,0.0,1.0,1.0,1.0,1.0,1.0,1.0,1.0,1.0,1.0,2.0,0.0,1.0,0.0,1.0,1.0,1.0,1.0,1.0,1.0,1.0,1.0,1.0,1.0,1.0,1.0,1.0,1.0,1.0,1.0,1.0,1.0,1.0,1.0,1.0,1.0,1.0,1.0,1.0,1.0,1.0,1.0,1.0,1.0,0.0,0.0,0.0,0.0,0.0,0.0,0.0,0.0,0.0,0.0,0.0,0.0,0.0,0.0,0.0,0.0,0.0,0.0,0.0,0.0,0.0,0.0,0.0,0.0,0.0,0.0,0.0,0.0,0.0,2.0,2.0,2.0,2.0,2.0,2.0,2.0,2.0,2.0,2.0,2.0,2.0,2.0,1.0,1.0,1.0,1.0,0.0,0.0,0.0,0.0,0.0,0.0,0.0,1.0,2.0,1.0,0.0,1.0,1.0,1.0,2.0,1.0,1.0,2.0,1.0,1.0,2.0,1.0
74,2.0,0.0,0.0,2.0,2.0,2.0,2.0,0.0,1.0,0.0,2.0,2.0,2.0,1.0,2.0,2.0,0.0,0.0,0.0,0.0,0.0,0.0,0.0,1.0,1.0,2.0,2.0,2.0,2.0,2.0,2.0,1.0,1.0,1.0,1.0,1.0,2.0,0.0,1.0,0.0,1.0,1.0,1.0,1.0,1.0,1.0,1.0,1.0,1.0,1.0,1.0,1.0,1.0,1.0,1.0,1.0,1.0,1.0,1.0,1.0,1.0,1.0,1.0,1.0,1.0,1.0,1.0,1.0,1.0,1.0,1.0,1.0,1.0,0.0,0.0,0.0,0.0,0.0,0.0,0.0,0.0,0.0,0.0,0.0,0.0,0.0,0.0,0.0,0.0,0.0,0.0,0.0,0.0,0.0,0.0,0.0,0.0,0.0,0.0,0.0,0.0,2.0,2.0,2.0,2.0,2.0,2.0,2.0,2.0,2.0,2.0,2.0,2.0,2.0,2.0,2.0,2.0,2.0,2.0,2.0,2.0,2.0,1.0,0.0,0.0,0.0,2.0,2.0,1.0,2.0,0.0,0.0,1.0,2.0,1.0,1.0,2.0,2.0,1.0,0.0
75,0.0,2.0,0.0,2.0,2.0,1.0,2.0,0.0,1.0,1.0,1.0,2.0,0.0,0.0,0.0,1.0,0.0,0.0,0.0,1.0,0.0,2.0,2.0,2.0,2.0,2.0,2.0,2.0,2.0,1.0,1.0,1.0,1.0,1.0,2.0,2.0,1.0,0.0,1.0,1.0,1.0,1.0,1.0,1.0,1.0,1.0,1.0,1.0,1.0,1.0,1.0,1.0,1.0,1.0,1.0,1.0,1.0,1.0,1.0,1.0,1.0,1.0,1.0,1.0,1.0,1.0,1.0,1.0,1.0,1.0,1.0,1.0,1.0,0.0,0.0,0.0,0.0,0.0,0.0,0.0,0.0,0.0,0.0,0.0,0.0,0.0,0.0,0.0,0.0,0.0,0.0,0.0,0.0,0.0,0.0,0.0,0.0,0.0,0.0,0.0,0.0,2.0,2.0,2.0,2.0,2.0,2.0,1.0,1.0,1.0,1.0,1.0,1.0,1.0,1.0,1.0,1.0,1.0,1.0,1.0,1.0,1.0,1.0,0.0,2.0,1.0,2.0,0.0,1.0,2.0,0.0,2.0,0.0,0.0,2.0,1.0,1.0,0.0,1.0,1.0
76,1.0,1.0,0.0,1.0,1.0,2.0,2.0,1.0,0.0,2.0,1.0,0.0,0.0,2.0,0.0,2.0,2.0,1.0,2.0,2.0,2.0,1.0,0.0,0.0,0.0,2.0,2.0,2.0,1.0,1.0,2.0,1.0,1.0,0.0,2.0,0.0,0.0,1.0,1.0,1.0,1.0,1.0,1.0,1.0,1.0,1.0,1.0,1.0,1.0,1.0,1.0,1.0,1.0,1.0,1.0,1.0,1.0,1.0,1.0,1.0,1.0,1.0,1.0,1.0,1.0,1.0,1.0,1.0,1.0,1.0,1.0,1.0,1.0,1.0,0.0,0.0,0.0,0.0,0.0,0.0,0.0,0.0,0.0,0.0,0.0,0.0,0.0,0.0,0.0,0.0,0.0,0.0,0.0,0.0,0.0,0.0,0.0,0.0,0.0,0.0,1.0,2.0,2.0,2.0,2.0,2.0,2.0,2.0,2.0,2.0,2.0,2.0,2.0,2.0,0.0,0.0,0.0,0.0,0.0,2.0,2.0,2.0,2.0,0.0,0.0,0.0,1.0,2.0,2.0,0.0,1.0,2.0,1.0,1.0,1.0,0.0,1.0,2.0,0.0,0.0
77,0.0,2.0,0.0,0.0,1.0,1.0,0.0,1.0,1.0,0.0,2.0,0.0,0.0,2.0,0.0,2.0,2.0,2.0,1.0,2.0,2.0,2.0,2.0,0.0,2.0,2.0,1.0,1.0,1.0,0.0,1.0,2.0,2.0,1.0,2.0,1.0,1.0,1.0,1.0,1.0,1.0,1.0,1.0,1.0,1.0,1.0,1.0,1.0,1.0,1.0,1.0,1.0,1.0,1.0,1.0,1.0,1.0,1.0,1.0,1.0,1.0,1.0,1.0,1.0,1.0,1.0,1.0,1.0,1.0,1.0,1.0,1.0,1.0,1.0,1.0,0.0,0.0,0.0,0.0,0.0,0.0,0.0,0.0,0.0,0.0,0.0,0.0,0.0,0.0,0.0,0.0,0.0,0.0,0.0,0.0,0.0,0.0,0.0,0.0,0.0,2.0,2.0,2.0,2.0,2.0,2.0,2.0,2.0,2.0,2.0,2.0,2.0,2.0,0.0,1.0,1.0,1.0,1.0,0.0,2.0,0.0,1.0,1.0,1.0,2.0,2.0,1.0,2.0,0.0,0.0,0.0,1.0,1.0,1.0,2.0,2.0,2.0,1.0,1.0,2.0
78,1.0,1.0,1.0,0.0,0.0,2.0,1.0,0.0,2.0,0.0,2.0,0.0,1.0,1.0,2.0,1.0,0.0,2.0,1.0,1.0,1.0,2.0,0.0,2.0,2.0,1.0,0.0,0.0,0.0,1.0,2.0,0.0,1.0,2.0,1.0,1.0,1.0,1.0,1.0,1.0,1.0,1.0,1.0,1.0,1.0,1.0,1.0,1.0,1.0,1.0,1.0,1.0,1.0,1.0,1.0,1.0,1.0,1.0,1.0,1.0,1.0,1.0,1.0,1.0,1.0,1.0,1.0,1.0,1.0,1.0,1.0,1.0,1.0,1.0,1.0,0.0,0.0,0.0,0.0,0.0,0.0,0.0,0.0,0.0,0.0,0.0,0.0,0.0,0.0,0.0,0.0,0.0,0.0,0.0,0.0,0.0,0.0,0.0,0.0,0.0,2.0,2.0,2.0,2.0,2.0,2.0,2.0,2.0,2.0,0.0,1.0,1.0,1.0,1.0,1.0,1.0,1.0,1.0,1.0,0.0,2.0,1.0,1.0,0.0,0.0,2.0,0.0,2.0,2.0,1.0,1.0,1.0,2.0,2.0,2.0,2.0,0.0,1.0,2.0,0.0
79,0.0,1.0,1.0,1.0,0.0,2.0,2.0,1.0,0.0,0.0,0.0,2.0,2.0,1.0,0.0,2.0,1.0,1.0,1.0,1.0,2.0,1.0,2.0,2.0,1.0,1.0,2.0,0.0,1.0,2.0,0.0,1.0,2.0,1.0,1.0,1.0,1.0,1.0,1.0,1.0,1.0,1.0,1.0,1.0,1.0,1.0,1.0,1.0,1.0,1.0,1.0,1.0,1.0,1.0,1.0,1.0,1.0,1.0,1.0,1.0,1.0,1.0,1.0,1.0,1.0,1.0,1.0,1.0,1.0,1.0,1.0,1.0,1.0,1.0,1.0,1.0,0.0,0.0,0.0,0.0,0.0,0.0,0.0,0.0,0.0,0.0,0.0,0.0,0.0,0.0,0.0,0.0,0.0,0.0,0.0,0.0,0.0,0.0,0.0,0.0,2.0,2.0,2.0,2.0,2.0,2.0,2.0,0.0,1.0,1.0,1.0,1.0,0.0,0.0,0.0,0.0,0.0,0.0,0.0,0.0,0.0,1.0,0.0,2.0,2.0,0.0,0.0,0.0,0.0,2.0,1.0,2.0,0.0,2.0,1.0,0.0,2.0,1.0,0.0,2.0
80,1.0,1.0,0.0,1.0,2.0,0.0,1.0,2.0,0.0,2.0,2.0,1.0,0.0,2.0,1.0,1.0,0.0,1.0,1.0,0.0,1.0,2.0,2.0,1.0,2.0,1.0,0.0,1.0,2.0,0.0,1.0,2.0,1.0,1.0,1.0,1.0,1.0,1.0,1.0,1.0,1.0,1.0,1.0,1.0,1.0,1.0,1.0,1.0,1.0,1.0,1.0,1.0,1.0,1.0,1.0,1.0,1.0,1.0,1.0,1.0,1.0,1.0,1.0,1.0,1.0,1.0,1.0,1.0,1.0,1.0,1.0,1.0,1.0,1.0,1.0,1.0,0.0,0.0,0.0,0.0,0.0,0.0,0.0,0.0,0.0,0.0,0.0,0.0,0.0,0.0,0.0,0.0,0.0,0.0,0.0,0.0,0.0,0.0,0.0,0.0,2.0,2.0,2.0,2.0,2.0,2.0,1.0,1.0,1.0,1.0,0.0,0.0,0.0,0.0,0.0,2.0,1.0,0.0,0.0,1.0,2.0,1.0,2.0,2.0,0.0,1.0,2.0,1.0,1.0,0.0,0.0,2.0,1.0,0.0,1.0,1.0,0.0,2.0,1.0,0.0
81,2.0,1.0,0.0,2.0,1.0,2.0,0.0,1.0,1.0,2.0,1.0,2.0,1.0,0.0,2.0,1.0,1.0,1.0,1.0,1.0,2.0,2.0,0.0,0.0,1.0,0.0,1.0,1.0,0.0,1.0,2.0,0.0,1.0,1.0,1.0,1.0,1.0,1.0,1.0,1.0,1.0,1.0,1.0,0.0,1.0,1.0,1.0,1.0,1.0,1.0,1.0,1.0,1.0,1.0,1.0,1.0,1.0,1.0,1.0,1.0,1.0,1.0,1.0,1.0,1.0,1.0,1.0,1.0,1.0,1.0,1.0,1.0,1.0,1.0,1.0,1.0,1.0,0.0,0.0,0.0,0.0,0.0,0.0,0.0,0.0,0.0,0.0,0.0,0.0,0.0,0.0,0.0,0.0,0.0,0.0,0.0,0.0,0.0,0.0,0.0,1.0,2.0,2.0,2.0,2.0,2.0,0.0,1.0,1.0,1.0,1.0,0.0,0.0,0.0,0.0,2.0,0.0,1.0,2.0,1.0,0.0,0.0,1.0,2.0,1.0,1.0,1.0,2.0,0.0,2.0,0.0,2.0,2.0,0.0,1.0,0.0,0.0,1.0,2.0,1.0
82,2.0,0.0,1.0,2.0,2.0,0.0,2.0,0.0,2.0,1.0,2.0,1.0,0.0,1.0,1.0,0.0,1.0,1.0,1.0,2.0,2.0,1.0,2.0,0.0,0.0,1.0,2.0,0.0,1.0,2.0,0.0,0.0,1.0,1.0,1.0,1.0,1.0,1.0,1.0,1.0,1.0,0.0,0.0,0.0,1.0,1.0,1.0,1.0,1.0,1.0,1.0,1.0,1.0,1.0,1.0,1.0,1.0,1.0,1.0,1.0,1.0,1.0,1.0,1.0,1.0,1.0,1.0,1.0,1.0,1.0,1.0,1.0,1.0,1.0,1.0,1.0,1.0,2.0,0.0,0.0,0.0,0.0,0.0,0.0,0.0,0.0,0.0,0.0,0.0,0.0,0.0,0.0,0.0,0.0,0.0,0.0,0.0,0.0,0.0,0.0,0.0,1.0,2.0,2.0,2.0,2.0,2.0,2.0,1.0,1.0,1.0,1.0,1.0,0.0,0.0,0.0,0.0,0.0,2.0,1.0,0.0,1.0,1.0,0.0,0.0,0.0,0.0,2.0,1.0,0.0,1.0,2.0,1.0,0.0,2.0,1.0,1.0,2.0,1.0,0.0
83,2.0,2.0,2.0,1.0,1.0,2.0,1.0,2.0,0.0,0.0,0.0,1.0,1.0,0.0,1.0,1.0,1.0,1.0,2.0,1.0,0.0,0.0,1.0,2.0,1.0,1.0,0.0,0.0,0.0,0.0,2.0,1.0,1.0,1.0,1.0,1.0,1.0,1.0,1.0,1.0,0.0,0.0,0.0,2.0,1.0,1.0,1.0,1.0,1.0,1.0,1.0,1.0,1.0,1.0,1.0,1.0,1.0,1.0,1.0,1.0,1.0,1.0,1.0,1.0,1.0,1.0,1.0,1.0,1.0,1.0,1.0,1.0,1.0,1.0,1.0,1.0,1.0,1.0,0.0,0.0,0.0,0.0,0.0,0.0,0.0,0.0,0.0,0.0,0.0,0.0,0.0,0.0,0.0,0.0,0.0,0.0,0.0,0.0,0.0,0.0,0.0,0.0,0.0,1.0,2.0,2.0,2.0,1.0,1.0,2.0,2.0,1.0,1.0,1.0,1.0,1.0,1.0,1.0,1.0,0.0,1.0,0.0,2.0,2.0,0.0,1.0,1.0,1.0,1.0,2.0,2.0,0.0,1.0,0.0,0.0,2.0,1.0,1.0,2.0,1.0
84,1.0,2.0,0.0,1.0,0.0,0.0,1.0,0.0,0.0,0.0,1.0,2.0,2.0,2.0,0.0,1.0,0.0,1.0,1.0,2.0,1.0,2.0,0.0,1.0,1.0,2.0,0.0,1.0,2.0,1.0,1.0,1.0,1.0,1.0,1.0,1.0,1.0,1.0,1.0,0.0,0.0,0.0,2.0,2.0,1.0,1.0,1.0,1.0,1.0,1.0,1.0,1.0,1.0,1.0,1.0,1.0,1.0,1.0,1.0,1.0,1.0,1.0,1.0,1.0,1.0,1.0,1.0,1.0,1.0,1.0,1.0,1.0,1.0,1.0,1.0,1.0,1.0,1.0,2.0,0.0,0.0,0.0,0.0,0.0,0.0,0.0,0.0,0.0,0.0,0.0,0.0,0.0,0.0,0.0,0.0,0.0,0.0,0.0,0.0,0.0,0.0,0.0,0.0,0.0,0.0,1.0,2.0,2.0,2.0,2.0,0.0,1.0,0.0,2.0,2.0,1.0,1.0,0.0,1.0,2.0,1.0,1.0,2.0,1.0,0.0,0.0,1.0,2.0,2.0,2.0,0.0,2.0,2.0,1.0,2.0,0.0,2.0,1.0,0.0,2.0
85,2.0,2.0,1.0,1.0,0.0,1.0,1.0,1.0,2.0,1.0,2.0,0.0,2.0,2.0,1.0,2.0,2.0,2.0,1.0,1.0,0.0,2.0,1.0,2.0,1.0,0.0,1.0,2.0,0.0,0.0,1.0,1.0,1.0,1.0,1.0,1.0,1.0,1.0,0.0,0.0,0.0,2.0,2.0,1.0,1.0,1.0,1.0,1.0,1.0,1.0,1.0,1.0,1.0,1.0,1.0,1.0,1.0,1.0,1.0,1.0,1.0,1.0,1.0,1.0,1.0,1.0,1.0,1.0,1.0,1.0,1.0,1.0,1.0,1.0,1.0,1.0,1.0,1.0,1.0,2.0,0.0,0.0,0.0,0.0,0.0,0.0,0.0,0.0,0.0,0.0,0.0,0.0,0.0,0.0,0.0,0.0,0.0,0.0,0.0,0.0,0.0,0.0,0.0,0.0,0.0,0.0,0.0,0.0,1.0,0.0,2.0,2.0,2.0,2.0,1.0,1.0,0.0,0.0,0.0,2.0,0.0,0.0,0.0,1.0,1.0,0.0,1.0,1.0,0.0,0.0,2.0,1.0,0.0,2.0,2.0,0.0,1.0,2.0,1.0,1.0
86,0.0,1.0,1.0,0.0,2.0,1.0,1.0,2.0,0.0,1.0,1.0,1.0,2.0,1.0,1.0,2.0,1.0,1.0,2.0,2.0,1.0,2.0,2.0,0.0,0.0,2.0,0.0,2.0,1.0,1.0,1.0,1.0,1.0,1.0,1.0,0.0,1.0,0.0,0.0,0.0,2.0,2.0,1.0,1.0,1.0,1.0,1.0,1.0,1.0,1.0,1.0,1.0,1.0,1.0,1.0,1.0,1.0,1.0,1.0,1.0,1.0,1.0,1.0,1.0,1.0,1.0,1.0,1.0,1.0,1.0,1.0,1.0,1.0,1.0,1.0,1.0,1.0,1.0,1.0,2.0,0.0,0.0,0.0,0.0,0.0,0.0,0.0,0.0,0.0,0.0,0.0,0.0,0.0,0.0,0.0,0.0,0.0,0.0,0.0,0.0,0.0,0.0,0.0,0.0,2.0,1.0,0.0,0.0,0.0,0.0,0.0,1.0,2.0,0.0,2.0,2.0,2.0,2.0,1.0,0.0,2.0,2.0,1.0,0.0,2.0,2.0,0.0,2.0,2.0,1.0,2.0,1.0,1.0,0.0,1.0,0.0,0.0,2.0,2.0,0.0
87,0.0,2.0,0.0,2.0,0.0,0.0,2.0,2.0,2.0,1.0,0.0,1.0,2.0,0.0,0.0,2.0,2.0,0.0,1.0,1.0,0.0,2.0,2.0,1.0,0.0,1.0,2.0,2.0,0.0,1.0,1.0,1.0,1.0,1.0,0.0,1.0,0.0,0.0,0.0,2.0,2.0,2.0,1.0,1.0,1.0,1.0,1.0,1.0,1.0,1.0,1.0,1.0,1.0,1.0,1.0,1.0,1.0,1.0,1.0,1.0,1.0,1.0,1.0,1.0,1.0,1.0,1.0,1.0,1.0,1.0,1.0,1.0,1.0,1.0,1.0,1.0,1.0,1.0,1.0,1.0,2.0,0.0,0.0,0.0,0.0,0.0,0.0,0.0,0.0,0.0,0.0,0.0,0.0,2.0,2.0,1.0,1.0,1.0,1.0,1.0,1.0,1.0,1.0,0.0,0.0,0.0,0.0,2.0,1.0,0.0,0.0,0.0,0.0,1.0,1.0,2.0,2.0,2.0,2.0,2.0,1.0,1.0,0.0,2.0,1.0,1.0,0.0,2.0,2.0,2.0,1.0,1.0,1.0,1.0,0.0,2.0,1.0,2.0,2.0,2.0
88,0.0,0.0,2.0,0.0,1.0,2.0,2.0,0.0,1.0,0.0,2.0,0.0,1.0,0.0,0.0,0.0,1.0,2.0,2.0,2.0,0.0,0.0,1.0,1.0,1.0,1.0,0.0,1.0,1.0,1.0,1.0,1.0,1.0,0.0,1.0,1.0,0.0,0.0,2.0,2.0,2.0,1.0,1.0,1.0,1.0,1.0,1.0,1.0,1.0,1.0,1.0,1.0,1.0,1.0,1.0,1.0,1.0,1.0,1.0,1.0,1.0,1.0,1.0,1.0,1.0,1.0,1.0,1.0,1.0,1.0,1.0,1.0,1.0,1.0,1.0,1.0,1.0,1.0,1.0,1.0,2.0,2.0,0.0,0.0,0.0,0.0,0.0,0.0,0.0,0.0,0.0,0.0,0.0,2.0,2.0,2.0,2.0,2.0,1.0,1.0,1.0,1.0,1.0,1.0,1.0,1.0,1.0,1.0,0.0,0.0,2.0,1.0,0.0,0.0,1.0,0.0,0.0,0.0,2.0,0.0,2.0,1.0,2.0,1.0,2.0,2.0,0.0,1.0,2.0,0.0,0.0,1.0,1.0,1.0,1.0,0.0,2.0,1.0,0.0,0.0
89,1.0,2.0,1.0,1.0,0.0,0.0,2.0,2.0,0.0,2.0,1.0,1.0,0.0,1.0,0.0,0.0,1.0,0.0,1.0,1.0,1.0,0.0,0.0,2.0,1.0,2.0,1.0,0.0,1.0,1.0,1.0,1.0,0.0,2.0,1.0,0.0,0.0,0.0,2.0,2.0,1.0,1.0,1.0,1.0,1.0,1.0,1.0,1.0,1.0,1.0,1.0,1.0,1.0,1.0,1.0,1.0,1.0,1.0,1.0,1.0,1.0,1.0,1.0,1.0,1.0,1.0,1.0,1.0,1.0,1.0,1.0,1.0,1.0,1.0,1.0,1.0,1.0,1.0,1.0,1.0,1.0,2.0,0.0,0.0,0.0,0.0,0.0,0.0,0.0,0.0,0.0,0.0,0.0,0.0,0.0,2.0,2.0,2.0,2.0,2.0,2.0,2.0,2.0,1.0,1.0,1.0,1.0,1.0,1.0,1.0,1.0,0.0,0.0,1.0,0.0,0.0,0.0,0.0,0.0,2.0,2.0,1.0,1.0,1.0,2.0,2.0,1.0,1.0,2.0,2.0,1.0,1.0,0.0,0.0,2.0,2.0,2.0,2.0,0.0,2.0
90,0.0,0.0,2.0,2.0,0.0,0.0,2.0,0.0,1.0,1.0,2.0,2.0,0.0,2.0,1.0,2.0,2.0,0.0,1.0,0.0,1.0,1.0,1.0,2.0,1.0,0.0,0.0,0.0,1.0,1.0,1.0,0.0,2.0,1.0,0.0,0.0,0.0,2.0,2.0,1.0,1.0,1.0,1.0,1.0,1.0,1.0,1.0,1.0,1.0,1.0,1.0,1.0,1.0,1.0,1.0,1.0,1.0,1.0,1.0,1.0,1.0,1.0,1.0,1.0,1.0,1.0,1.0,1.0,1.0,1.0,1.0,1.0,1.0,1.0,1.0,1.0,1.0,1.0,1.0,1.0,1.0,2.0,2.0,0.0,0.0,0.0,0.0,0.0,0.0,0.0,0.0,0.0,0.0,0.0,0.0,0.0,0.0,0.0,2.0,2.0,2.0,2.0,2.0,2.0,2.0,2.0,2.0,2.0,1.0,1.0,2.0,1.0,2.0,1.0,0.0,2.0,0.0,0.0,1.0,1.0,1.0,0.0,0.0,2.0,0.0,2.0,1.0,1.0,0.0,1.0,2.0,0.0,1.0,0.0,2.0,2.0,1.0,1.0,1.0,2.0
91,1.0,1.0,0.0,2.0,1.0,0.0,2.0,1.0,0.0,2.0,0.0,1.0,2.0,1.0,2.0,0.0,2.0,0.0,1.0,0.0,1.0,0.0,2.0,1.0,0.0,1.0,2.0,0.0,1.0,1.0,0.0,2.0,1.0,0.0,0.0,0.0,2.0,2.0,1.0,1.0,2.0,1.0,1.0,1.0,2.0,0.0,0.0,0.0,1.0,1.0,1.0,1.0,1.0,1.0,1.0,1.0,1.0,1.0,1.0,1.0,1.0,1.0,1.0,1.0,1.0,1.0,1.0,1.0,1.0,1.0,1.0,1.0,1.0,1.0,1.0,1.0,1.0,1.0,1.0,1.0,1.0,2.0,2.0,2.0,0.0,0.0,0.0,0.0,0.0,0.0,0.0,0.0,0.0,0.0,0.0,0.0,0.0,0.0,0.0,0.0,0.0,0.0,2.0,2.0,2.0,2.0,2.0,2.0,2.0,2.0,2.0,1.0,1.0,1.0,2.0,1.0,0.0,2.0,2.0,0.0,0.0,2.0,2.0,0.0,2.0,0.0,2.0,2.0,0.0,0.0,2.0,1.0,2.0,2.0,1.0,2.0,2.0,0.0,0.0,2.0
92,2.0,1.0,0.0,2.0,0.0,0.0,1.0,2.0,1.0,2.0,1.0,0.0,1.0,0.0,1.0,0.0,2.0,2.0,1.0,0.0,0.0,0.0,1.0,0.0,2.0,1.0,1.0,0.0,0.0,0.0,2.0,1.0,1.0,0.0,0.0,2.0,2.0,0.0,1.0,2.0,1.0,1.0,2.0,0.0,0.0,0.0,0.0,0.0,0.0,1.0,1.0,1.0,1.0,1.0,1.0,1.0,1.0,1.0,1.0,1.0,1.0,1.0,1.0,1.0,1.0,1.0,1.0,1.0,1.0,1.0,1.0,1.0,1.0,1.0,1.0,1.0,1.0,1.0,1.0,1.0,1.0,1.0,2.0,2.0,2.0,2.0,0.0,0.0,0.0,0.0,0.0,0.0,0.0,0.0,0.0,0.0,0.0,0.0,0.0,0.0,0.0,0.0,0.0,0.0,0.0,0.0,0.0,2.0,2.0,0.0,2.0,1.0,2.0,1.0,1.0,1.0,0.0,2.0,1.0,1.0,0.0,2.0,0.0,1.0,1.0,2.0,2.0,0.0,2.0,1.0,1.0,1.0,2.0,1.0,2.0,2.0,2.0,0.0,1.0,0.0
93,1.0,2.0,2.0,0.0,1.0,1.0,1.0,0.0,1.0,1.0,2.0,2.0,0.0,2.0,0.0,0.0,2.0,1.0,1.0,1.0,0.0,2.0,1.0,2.0,0.0,1.0,2.0,2.0,2.0,1.0,0.0,2.0,0.0,0.0,2.0,2.0,2.0,1.0,2.0,1.0,1.0,2.0,0.0,0.0,0.0,0.0,0.0,0.0,0.0,0.0,1.0,1.0,1.0,1.0,1.0,1.0,1.0,1.0,1.0,1.0,1.0,1.0,1.0,1.0,1.0,1.0,1.0,1.0,1.0,1.0,1.0,1.0,1.0,1.0,1.0,1.0,1.0,1.0,1.0,1.0,1.0,1.0,2.0,2.0,2.0,2.0,2.0,0.0,0.0,0.0,0.0,0.0,0.0,0.0,0.0,0.0,0.0,0.0,0.0,0.0,0.0,0.0,0.0,2.0,2.0,2.0,1.0,1.0,0.0,0.0,1.0,1.0,0.0,0.0,2.0,1.0,2.0,2.0,2.0,0.0,1.0,0.0,1.0,1.0,1.0,2.0,0.0,0.0,2.0,1.0,1.0,0.0,1.0,0.0,0.0,2.0,2.0,1.0,1.0,1.0
94,2.0,2.0,2.0,2.0,0.0,2.0,0.0,0.0,1.0,1.0,2.0,2.0,2.0,1.0,0.0,2.0,1.0,0.0,0.0,0.0,0.0,1.0,2.0,1.0,2.0,1.0,0.0,1.0,1.0,0.0,1.0,1.0,0.0,2.0,2.0,2.0,1.0,1.0,1.0,2.0,2.0,0.0,2.0,0.0,0.0,0.0,0.0,0.0,0.0,0.0,0.0,1.0,1.0,1.0,1.0,1.0,1.0,1.0,1.0,1.0,1.0,1.0,1.0,1.0,1.0,1.0,1.0,1.0,1.0,1.0,1.0,1.0,1.0,1.0,1.0,1.0,1.0,1.0,1.0,1.0,1.0,1.0,2.0,2.0,2.0,2.0,0.0,0.0,0.0,0.0,0.0,0.0,0.0,0.0,0.0,0.0,0.0,0.0,0.0,0.0,0.0,0.0,0.0,0.0,0.0,0.0,0.0,2.0,2.0,1.0,1.0,0.0,2.0,0.0,2.0,2.0,2.0,2.0,0.0,2.0,0.0,1.0,0.0,0.0,0.0,1.0,0.0,1.0,1.0,0.0,2.0,2.0,1.0,2.0,0.0,2.0,1.0,1.0,0.0,1.0
95,0.0,1.0,2.0,0.0,1.0,1.0,2.0,0.0,0.0,1.0,0.0,0.0,1.0,2.0,0.0,1.0,1.0,0.0,0.0,2.0,1.0,0.0,1.0,2.0,0.0,1.0,2.0,2.0,1.0,1.0,0.0,0.0,2.0,2.0,2.0,0.0,1.0,1.0,1.0,0.0,0.0,1.0,0.0,0.0,0.0,0.0,0.0,0.0,0.0,0.0,0.0,0.0,1.0,1.0,1.0,1.0,1.0,1.0,1.0,1.0,1.0,1.0,1.0,1.0,1.0,1.0,1.0,1.0,1.0,1.0,1.0,1.0,1.0,1.0,1.0,1.0,1.0,1.0,1.0,1.0,1.0,1.0,1.0,2.0,2.0,2.0,2.0,0.0,0.0,2.0,0.0,0.0,0.0,0.0,0.0,0.0,0.0,0.0,0.0,0.0,0.0,0.0,0.0,0.0,0.0,0.0,0.0,0.0,0.0,0.0,2.0,1.0,0.0,2.0,0.0,2.0,2.0,2.0,1.0,0.0,1.0,0.0,2.0,0.0,0.0,1.0,2.0,2.0,0.0,2.0,2.0,2.0,2.0,1.0,0.0,0.0,1.0,1.0,0.0,2.0
96,1.0,2.0,0.0,1.0,1.0,1.0,2.0,0.0,0.0,1.0,2.0,0.0,1.0,1.0,0.0,1.0,0.0,1.0,2.0,2.0,2.0,1.0,0.0,1.0,0.0,0.0,2.0,1.0,1.0,0.0,2.0,1.0,0.0,0.0,0.0,1.0,1.0,2.0,2.0,0.0,1.0,0.0,1.0,2.0,0.0,0.0,0.0,0.0,0.0,0.0,0.0,0.0,0.0,0.0,1.0,1.0,1.0,1.0,1.0,1.0,1.0,1.0,1.0,1.0,1.0,1.0,1.0,1.0,1.0,1.0,1.0,1.0,1.0,1.0,1.0,1.0,1.0,1.0,1.0,1.0,1.0,1.0,0.0,1.0,2.0,1.0,2.0,2.0,0.0,2.0,0.0,2.0,0.0,0.0,0.0,0.0,0.0,0.0,0.0,0.0,0.0,0.0,0.0,0.0,0.0,0.0,0.0,0.0,0.0,0.0,0.0,2.0,0.0,2.0,0.0,2.0,1.0,2.0,1.0,0.0,1.0,1.0,2.0,1.0,2.0,1.0,0.0,1.0,2.0,0.0,1.0,2.0,0.0,2.0,1.0,0.0,2.0,0.0,2.0,2.0
97,0.0,0.0,2.0,0.0,0.0,0.0,0.0,1.0,1.0,2.0,2.0,1.0,0.0,2.0,2.0,1.0,2.0,0.0,0.0,2.0,1.0,2.0,1.0,2.0,2.0,0.0,0.0,0.0,0.0,2.0,2.0,0.0,1.0,2.0,1.0,1.0,2.0,2.0,0.0,1.0,0.0,2.0,2.0,2.0,1.0,0.0,0.0,0.0,0.0,0.0,0.0,0.0,0.0,0.0,0.0,1.0,1.0,1.0,1.0,1.0,1.0,1.0,1.0,1.0,1.0,1.0,1.0,1.0,1.0,1.0,1.0,1.0,1.0,1.0,1.0,1.0,1.0,1.0,1.0,1.0,1.0,1.0,2.0,1.0,2.0,2.0,2.0,2.0,0.0,0.0,1.0,1.0,2.0,2.0,2.0,0.0,0.0,0.0,0.0,0.0,0.0,0.0,0.0,0.0,0.0,0.0,0.0,0.0,0.0,0.0,2.0,1.0,1.0,1.0,0.0,2.0,2.0,0.0,0.0,1.0,0.0,0.0,0.0,1.0,2.0,2.0,0.0,1.0,1.0,2.0,1.0,2.0,0.0,2.0,2.0,0.0,2.0,1.0,2.0,2.0
98,2.0,1.0,0.0,2.0,0.0,2.0,1.0,0.0,2.0,0.0,2.0,1.0,0.0,0.0,1.0,0.0,0.0,0.0,1.0,1.0,2.0,0.0,2.0,0.0,2.0,2.0,2.0,2.0,1.0,0.0,2.0,2.0,2.0,1.0,0.0,0.0,2.0,0.0,1.0,0.0,2.0,2.0,2.0,2.0,1.0,0.0,0.0,0.0,0.0,0.0,0.0,0.0,0.0,0.0,2.0,2.0,2.0,1.0,1.0,1.0,1.0,1.0,1.0,1.0,1.0,1.0,1.0,1.0,1.0,1.0,1.0,1.0,1.0,1.0,2.0,1.0,1.0,1.0,1.0,1.0,1.0,1.0,2.0,2.0,2.0,2.0,1.0,2.0,2.0,0.0,0.0,0.0,0.0,2.0,0.0,1.0,2.0,2.0,0.0,0.0,1.0,2.0,2.0,2.0,2.0,2.0,2.0,1.0,1.0,0.0,1.0,0.0,2.0,2.0,1.0,1.0,2.0,2.0,1.0,2.0,1.0,2.0,2.0,0.0,0.0,0.0,2.0,2.0,2.0,0.0,2.0,1.0,1.0,1.0,2.0,1.0,0.0,1.0,1.0,2.0
99,1.0,2.0,2.0,0.0,2.0,1.0,1.0,2.0,0.0,0.0,2.0,1.0,2.0,1.0,0.0,1.0,2.0,2.0,0.0,0.0,1.0,0.0,2.0,1.0,1.0,2.0,2.0,0.0,0.0,2.0,0.0,1.0,1.0,0.0,2.0,0.0,0.0,1.0,0.0,2.0,2.0,1.0,2.0,2.0,1.0,0.0,0.0,1.0,0.0,0.0,0.0,0.0,0.0,0.0,2.0,2.0,2.0,2.0,2.0,2.0,2.0,1.0,1.0,1.0,1.0,1.0,1.0,1.0,1.0,1.0,1.0,1.0,1.0,2.0,2.0,1.0,1.0,1.0,1.0,1.0,1.0,1.0,2.0,2.0,1.0,2.0,2.0,0.0,2.0,2.0,0.0,0.0,0.0,1.0,0.0,2.0,0.0,2.0,1.0,1.0,1.0,2.0,2.0,1.0,2.0,2.0,0.0,1.0,2.0,2.0,2.0,1.0,1.0,2.0,2.0,1.0,0.0,1.0,0.0,0.0,0.0,2.0,2.0,2.0,0.0,1.0,2.0,0.0,2.0,0.0,2.0,2.0,0.0,0.0,2.0,1.0,1.0,1.0,1.0,0.0
100,2.0,1.0,2.0,1.0,0.0,0.0,1.0,1.0,0.0,0.0,0.0,0.0,1.0,0.0,0.0,0.0,0.0,0.0,0.0,2.0,0.0,2.0,1.0,0.0,1.0,1.0,0.0,2.0,2.0,2.0,1.0,2.0,1.0,0.0,0.0,0.0,1.0,0.0,2.0,2.0,1.0,1.0,2.0,2.0,0.0,0.0,0.0,2.0,0.0,0.0,0.0,0.0,0.0,2.0,2.0,2.0,2.0,2.0,2.0,2.0,2.0,2.0,2.0,0.0,1.0,1.0,1.0,1.0,1.0,1.0,1.0,1.0,0.0,2.0,2.0,1.0,1.0,1.0,1.0,1.0,1.0,1.0,2.0,2.0,1.0,2.0,2.0,1.0,2.0,2.0,0.0,0.0,0.0,0.0,0.0,1.0,2.0,2.0,0.0,1.0,0.0,0.0,0.0,2.0,2.0,0.0,2.0,2.0,1.0,0.0,2.0,1.0,1.0,0.0,0.0,1.0,1.0,2.0,0.0,0.0,1.0,2.0,1.0,2.0,2.0,1.0,0.0,2.0,1.0,0.0,1.0,2.0,0.0,2.0,2.0,0.0,1.0,1.0,1.0,1.0
101,0.0,2.0,2.0,2.0,2.0,0.0,0.0,1.0,2.0,0.0,0.0,1.0,2.0,0.0,2.0,1.0,0.0,1.0,1.0,0.0,2.0,1.0,2.0,0.0,2.0,0.0,2.0,2.0,2.0,1.0,2.0,2.0,0.0,0.0,0.0,1.0,0.0,2.0,2.0,1.0,1.0,1.0,2.0,2.0,0.0,0.0,1.0,0.0,0.0,0.0,0.0,0.0,0.0,2.0,2.0,2.0,2.0,2.0,2.0,2.0,2.0,2.0,2.0,2.0,0.0,1.0,1.0,1.0,1.0,1.0,1.0,2.0,0.0,2.0,2.0,1.0,1.0,1.0,1.0,1.0,1.0,1.0,2.0,2.0,1.0,1.0,2.0,2.0,0.0,2.0,2.0,0.0,0.0,0.0,0.0,1.0,0.0,1.0,1.0,2.0,1.0,2.0,2.0,0.0,2.0,1.0,0.0,1.0,1.0,1.0,1.0,0.0,0.0,2.0,1.0,0.0,2.0,1.0,2.0,0.0,1.0,2.0,0.0,0.0,0.0,2.0,0.0,1.0,0.0,1.0,1.0,2.0,0.0,1.0,2.0,1.0,0.0,2.0,1.0,2.0
102,2.0,0.0,2.0,2.0,0.0,0.0,1.0,2.0,1.0,1.0,0.0,2.0,1.0,0.0,0.0,1.0,2.0,2.0,1.0,1.0,2.0,1.0,1.0,0.0,0.0,2.0,2.0,1.0,0.0,1.0,0.0,0.0,0.0,0.0,2.0,0.0,2.0,2.0,1.0,1.0,1.0,1.0,2.0,1.0,0.0,1.0,2.0,0.0,0.0,0.0,0.0,2.0,2.0,2.0,2.0,2.0,2.0,2.0,2.0,2.0,2.0,2.0,2.0,2.0,2.0,1.0,1.0,1.0,1.0,1.0,1.0,0.0,0.0,2.0,2.0,1.0,1.0,1.0,1.0,1.0,1.0,1.0,2.0,2.0,1.0,1.0,2.0,2.0,1.0,0.0,2.0,2.0,0.0,1.0,0.0,0.0,2.0,2.0,0.0,0.0,1.0,1.0,1.0,2.0,0.0,1.0,2.0,2.0,2.0,2.0,2.0,2.0,2.0,2.0,2.0,1.0,2.0,1.0,1.0,0.0,2.0,2.0,0.0,0.0,1.0,1.0,0.0,2.0,1.0,1.0,1.0,1.0,2.0,2.0,2.0,0.0,2.0,1.0,1.0,0.0
103,2.0,1.0,1.0,0.0,0.0,2.0,1.0,2.0,2.0,0.0,2.0,1.0,2.0,0.0,2.0,2.0,1.0,0.0,1.0,1.0,0.0,2.0,1.0,1.0,1.0,1.0,0.0,1.0,2.0,1.0,1.0,0.0,0.0,1.0,0.0,0.0,2.0,1.0,1.0,1.0,1.0,2.0,2.0,0.0,0.0,1.0,0.0,0.0,0.0,0.0,2.0,2.0,2.0,2.0,2.0,2.0,2.0,2.0,2.0,2.0,2.0,2.0,2.0,2.0,2.0,0.0,1.0,1.0,1.0,1.0,2.0,0.0,2.0,2.0,1.0,1.0,1.0,1.0,1.0,1.0,1.0,1.0,2.0,2.0,1.0,1.0,1.0,2.0,2.0,1.0,2.0,2.0,2.0,1.0,1.0,0.0,0.0,0.0,2.0,1.0,2.0,0.0,0.0,0.0,1.0,2.0,0.0,0.0,1.0,1.0,0.0,2.0,2.0,0.0,1.0,1.0,1.0,0.0,2.0,2.0,0.0,1.0,0.0,1.0,0.0,1.0,2.0,0.0,2.0,2.0,2.0,1.0,2.0,2.0,1.0,2.0,1.0,0.0,0.0,1.0
104,0.0,1.0,2.0,1.0,1.0,1.0,0.0,0.0,2.0,1.0,2.0,0.0,0.0,2.0,1.0,0.0,0.0,1.0,1.0,1.0,1.0,0.0,2.0,1.0,2.0,0.0,0.0,2.0,0.0,1.0,0.0,0.0,1.0,2.0,1.0,2.0,1.0,0.0,1.0,1.0,1.0,2.0,2.0,0.0,1.0,2.0,0.0,0.0,0.0,0.0,0.0,1.0,2.0,2.0,2.0,2.0,2.0,2.0,2.0,2.0,2.0,2.0,2.0,2.0,2.0,0.0,1.0,1.0,1.0,1.0,0.0,0.0,2.0,2.0,1.0,1.0,1.0,1.0,1.0,1.0,1.0,1.0,0.0,2.0,1.0,1.0,1.0,2.0,2.0,1.0,0.0,2.0,2.0,2.0,1.0,1.0,1.0,0.0,0.0,1.0,2.0,0.0,0.0,1.0,2.0,1.0,2.0,1.0,0.0,2.0,1.0,1.0,2.0,1.0,0.0,0.0,0.0,2.0,0.0,2.0,2.0,2.0,0.0,2.0,0.0,0.0,1.0,2.0,0.0,1.0,1.0,1.0,1.0,0.0,1.0,1.0,0.0,1.0,2.0,1.0
105,1.0,2.0,2.0,2.0,2.0,1.0,2.0,1.0,2.0,0.0,1.0,2.0,2.0,0.0,1.0,2.0,1.0,0.0,1.0,2.0,2.0,0.0,0.0,1.0,1.0,0.0,1.0,1.0,1.0,2.0,0.0,1.0,1.0,1.0,2.0,1.0,0.0,1.0,1.0,1.0,2.0,2.0,1.0,0.0,2.0,0.0,0.0,0.0,0.0,2.0,2.0,0.0,2.0,2.0,2.0,2.0,1.0,2.0,2.0,2.0,2.0,2.0,2.0,2.0,2.0,0.0,1.0,1.0,1.0,1.0,0.0,0.0,2.0,2.0,1.0,1.0,1.0,1.0,1.0,1.0,1.0,1.0,0.0,2.0,1.0,1.0,1.0,1.0,2.0,2.0,1.0,0.0,2.0,2.0,0.0,1.0,1.0,1.0,0.0,0.0,0.0,2.0,0.0,1.0,0.0,2.0,2.0,0.0,1.0,2.0,1.0,2.0,1.0,0.0,1.0,0.0,1.0,1.0,1.0,2.0,0.0,0.0,2.0,2.0,2.0,0.0,0.0,0.0,2.0,0.0,1.0,2.0,0.0,0.0,2.0,1.0,0.0,0.0,1.0,1.0
106,2.0,0.0,1.0,1.0,0.0,1.0,2.0,0.0,2.0,2.0,2.0,2.0,1.0,1.0,0.0,2.0,0.0,0.0,0.0,1.0,2.0,0.0,2.0,2.0,0.0,2.0,2.0,2.0,2.0,2.0,1.0,2.0,1.0,1.0,1.0,0.0,2.0,2.0,0.0,1.0,2.0,2.0,0.0,1.0,1.0,0.0,2.0,0.0,2.0,0.0,0.0,2.0,2.0,2.0,2.0,0.0,2.0,2.0,2.0,2.0,1.0,1.0,2.0,2.0,2.0,0.0,1.0,0.0,1.0,0.0,0.0,2.0,2.0,1.0,1.0,1.0,1.0,1.0,1.0,1.0,1.0,2.0,1.0,0.0,1.0,1.0,1.0,1.0,2.0,1.0,1.0,0.0,0.0,0.0,2.0,0.0,1.0,1.0,1.0,1.0,1.0,2.0,0.0,0.0,2.0,2.0,2.0,2.0,0.0,2.0,2.0,2.0,0.0,0.0,1.0,2.0,1.0,0.0,1.0,1.0,0.0,0.0,1.0,0.0,1.0,1.0,0.0,0.0,0.0,1.0,2.0,2.0,2.0,0.0,2.0,0.0,1.0,1.0,1.0,0.0
107,1.0,1.0,0.0,2.0,0.0,1.0,0.0,2.0,2.0,0.0,0.0,2.0,2.0,1.0,2.0,2.0,1.0,1.0,2.0,0.0,1.0,1.0,1.0,1.0,2.0,0.0,0.0,1.0,0.0,1.0,2.0,0.0,1.0,2.0,0.0,0.0,2.0,1.0,0.0,2.0,2.0,1.0,0.0,2.0,0.0,0.0,2.0,0.0,1.0,0.0,2.0,2.0,2.0,2.0,0.0,1.0,2.0,2.0,1.0,0.0,0.0,0.0,2.0,1.0,2.0,0.0,1.0,2.0,1.0,0.0,0.0,2.0,2.0,1.0,1.0,1.0,1.0,1.0,1.0,1.0,1.0,2.0,1.0,2.0,1.0,1.0,1.0,0.0,1.0,2.0,2.0,1.0,0.0,2.0,2.0,2.0,2.0,1.0,2.0,2.0,0.0,1.0,1.0,1.0,1.0,0.0,0.0,0.0,1.0,0.0,1.0,2.0,1.0,1.0,2.0,2.0,0.0,0.0,2.0,1.0,2.0,2.0,2.0,1.0,1.0,2.0,2.0,2.0,0.0,2.0,0.0,1.0,0.0,2.0,1.0,1.0,1.0,1.0,0.0,2.0
108,1.0,1.0,1.0,1.0,0.0,2.0,1.0,0.0,0.0,2.0,0.0,1.0,1.0,0.0,2.0,2.0,2.0,0.0,2.0,2.0,0.0,1.0,0.0,2.0,2.0,0.0,1.0,2.0,0.0,2.0,0.0,0.0,0.0,0.0,1.0,1.0,2.0,0.0,1.0,0.0,1.0,0.0,1.0,0.0,0.0,2.0,2.0,2.0,0.0,0.0,2.0,0.0,2.0,2.0,1.0,2.0,2.0,1.0,0.0,0.0,0.0,0.0,2.0,0.0,2.0,1.0,1.0,1.0,0.0,0.0,0.0,2.0,2.0,1.0,2.0,1.0,1.0,1.0,1.0,1.0,2.0,0.0,2.0,0.0,1.0,1.0,1.0,0.0,1.0,2.0,2.0,1.0,0.0,0.0,2.0,2.0,0.0,0.0,1.0,0.0,1.0,1.0,2.0,0.0,1.0,1.0,0.0,2.0,0.0,2.0,1.0,1.0,1.0,0.0,2.0,2.0,0.0,2.0,2.0,0.0,1.0,2.0,2.0,2.0,1.0,0.0,1.0,0.0,2.0,2.0,2.0,1.0,1.0,1.0,0.0,2.0,0.0,1.0,1.0,1.0
109,0.0,2.0,1.0,2.0,2.0,0.0,2.0,2.0,0.0,1.0,0.0,2.0,1.0,2.0,2.0,0.0,2.0,1.0,1.0,0.0,1.0,1.0,2.0,2.0,2.0,0.0,2.0,1.0,1.0,0.0,0.0,1.0,1.0,1.0,1.0,2.0,2.0,1.0,2.0,2.0,2.0,1.0,2.0,0.0,2.0,2.0,0.0,2.0,2.0,2.0,0.0,2.0,2.0,0.0,1.0,2.0,1.0,0.0,0.0,1.0,0.0,0.0,2.0,2.0,0.0,1.0,1.0,1.0,0.0,0.0,2.0,2.0,1.0,2.0,1.0,1.0,1.0,1.0,1.0,1.0,0.0,0.0,2.0,0.0,1.0,1.0,1.0,0.0,0.0,2.0,1.0,0.0,1.0,0.0,0.0,1.0,2.0,2.0,1.0,1.0,1.0,1.0,0.0,0.0,1.0,1.0,0.0,1.0,1.0,0.0,0.0,1.0,1.0,0.0,2.0,0.0,1.0,0.0,0.0,2.0,0.0,1.0,2.0,1.0,2.0,2.0,0.0,1.0,2.0,0.0,1.0,2.0,1.0,1.0,2.0,1.0,0.0,0.0,1.0,2.0
110,2.0,0.0,1.0,1.0,2.0,2.0,0.0,2.0,1.0,2.0,0.0,2.0,2.0,2.0,1.0,2.0,0.0,2.0,0.0,0.0,0.0,2.0,2.0,2.0,2.0,1.0,0.0,2.0,0.0,0.0,0.0,1.0,1.0,1.0,1.0,2.0,1.0,2.0,2.0,1.0,1.0,2.0,0.0,0.0,2.0,2.0,1.0,0.0,0.0,0.0,0.0,2.0,2.0,1.0,2.0,1.0,0.0,0.0,1.0,1.0,0.0,0.0,2.0,2.0,0.0,1.0,0.0,1.0,0.0,0.0,2.0,2.0,1.0,2.0,1.0,1.0,1.0,1.0,1.0,2.0,2.0,0.0,2.0,0.0,2.0,1.0,1.0,0.0,0.0,1.0,2.0,2.0,1.0,1.0,0.0,2.0,0.0,2.0,0.0,1.0,1.0,1.0,0.0,0.0,0.0,0.0,0.0,1.0,0.0,1.0,1.0,2.0,2.0,2.0,0.0,2.0,2.0,2.0,2.0,1.0,2.0,0.0,1.0,2.0,1.0,2.0,0.0,2.0,0.0,1.0,1.0,1.0,0.0,2.0,0.0,2.0,0.0,1.0,1.0,0.0
111,2.0,0.0,2.0,1.0,0.0,2.0,1.0,1.0,2.0,1.0,2.0,0.0,1.0,1.0,1.0,0.0,1.0,1.0,1.0,1.0,0.0,2.0,0.0,0.0,2.0,2.0,1.0,0.0,0.0,2.0,1.0,2.0,1.0,0.0,0.0,2.0,2.0,2.0,1.0,0.0,1.0,0.0,0.0,1.0,0.0,2.0,0.0,2.0,0.0,0.0,0.0,2.0,0.0,2.0,2.0,0.0,0.0,1.0,1.0,1.0,0.0,0.0,1.0,2.0,0.0,1.0,2.0,2.0,0.0,0.0,2.0,2.0,1.0,2.0,1.0,1.0,1.0,1.0,1.0,1.0,0.0,1.0,0.0,1.0,2.0,1.0,1.0,0.0,0.0,1.0,2.0,1.0,1.0,1.0,0.0,0.0,2.0,2.0,2.0,1.0,1.0,1.0,1.0,0.0,0.0,0.0,0.0,0.0,0.0,0.0,0.0,0.0,0.0,2.0,2.0,2.0,2.0,0.0,0.0,2.0,0.0,1.0,0.0,2.0,1.0,2.0,2.0,0.0,0.0,2.0,0.0,2.0,0.0,1.0,2.0,0.0,2.0,2.0,0.0,2.0
112,1.0,1.0,0.0,1.0,2.0,0.0,1.0,0.0,1.0,2.0,1.0,1.0,0.0,2.0,0.0,2.0,0.0,1.0,2.0,0.0,2.0,1.0,2.0,1.0,2.0,2.0,0.0,0.0,2.0,0.0,2.0,2.0,2.0,1.0,0.0,2.0,2.0,1.0,2.0,1.0,2.0,0.0,1.0,2.0,2.0,2.0,2.0,0.0,2.0,0.0,2.0,1.0,1.0,2.0,0.0,0.0,1.0,1.0,1.0,1.0,0.0,2.0,0.0,2.0,1.0,1.0,2.0,0.0,0.0,2.0,2.0,2.0,0.0,1.0,1.0,1.0,1.0,1.0,2.0,2.0,1.0,0.0,2.0,0.0,0.0,0.0,1.0,0.0,1.0,0.0,1.0,2.0,2.0,1.0,1.0,1.0,0.0,2.0,2.0,2.0,0.0,1.0,1.0,2.0,2.0,0.0,2.0,0.0,2.0,2.0,2.0,2.0,2.0,2.0,2.0,1.0,1.0,1.0,2.0,0.0,0.0,2.0,0.0,1.0,2.0,0.0,1.0,0.0,0.0,0.0,1.0,1.0,1.0,2.0,1.0,0.0,0.0,1.0,1.0,1.0
113,2.0,0.0,1.0,0.0,1.0,2.0,2.0,2.0,2.0,2.0,1.0,0.0,1.0,1.0,1.0,0.0,0.0,1.0,0.0,1.0,2.0,1.0,0.0,1.0,0.0,2.0,1.0,2.0,0.0,0.0,0.0,0.0,2.0,1.0,1.0,1.0,2.0,0.0,0.0,1.0,0.0,1.0,2.0,2.0,1.0,1.0,0.0,2.0,1.0,1.0,0.0,0.0,0.0,0.0,1.0,0.0,1.0,1.0,1.0,0.0,0.0,2.0,2.0,1.0,1.0,1.0,1.0,0.0,0.0,2.0,2.0,1.0,2.0,1.0,1.0,1.0,1.0,1.0,1.0,0.0,1.0,2.0,0.0,2.0,1.0,2.0,0.0,0.0,2.0,0.0,1.0,2.0,0.0,1.0,2.0,0.0,0.0,0.0,1.0,2.0,2.0,0.0,1.0,1.0,2.0,1.0,0.0,0.0,0.0,0.0,2.0,2.0,1.0,0.0,2.0,1.0,1.0,1.0,1.0,1.0,2.0,0.0,0.0,2.0,2.0,2.0,0.0,0.0,1.0,0.0,1.0,0.0,1.0,0.0,1.0,0.0,0.0,2.0,1.0,0.0
114,0.0,0.0,2.0,1.0,0.0,0.0,0.0,2.0,1.0,1.0,2.0,1.0,2.0,1.0,0.0,2.0,1.0,1.0,2.0,1.0,1.0,0.0,1.0,2.0,0.0,1.0,2.0,2.0,0.0,0.0,1.0,1.0,2.0,0.0,1.0,1.0,1.0,1.0,2.0,0.0,1.0,1.0,2.0,1.0,0.0,2.0,0.0,0.0,1.0,0.0,0.0,1.0,2.0,2.0,0.0,1.0,1.0,2.0,1.0,0.0,0.0,1.0,2.0,2.0,1.0,1.0,1.0,0.0,0.0,0.0,2.0,1.0,2.0,1.0,1.0,1.0,1.0,2.0,2.0,0.0,1.0,0.0,1.0,1.0,1.0,2.0,1.0,0.0,0.0,1.0,0.0,2.0,2.0,2.0,2.0,1.0,0.0,1.0,2.0,0.0,2.0,2.0,0.0,1.0,1.0,0.0,1.0,0.0,2.0,2.0,2.0,0.0,2.0,0.0,0.0,1.0,2.0,2.0,1.0,1.0,0.0,1.0,2.0,0.0,0.0,0.0,2.0,0.0,1.0,2.0,1.0,0.0,0.0,2.0,1.0,1.0,0.0,2.0,0.0,1.0
115,1.0,0.0,1.0,1.0,0.0,0.0,2.0,0.0,2.0,2.0,0.0,2.0,1.0,2.0,0.0,1.0,2.0,1.0,1.0,2.0,1.0,0.0,1.0,0.0,2.0,0.0,2.0,1.0,2.0,2.0,0.0,1.0,2.0,1.0,0.0,0.0,0.0,0.0,2.0,2.0,1.0,1.0,0.0,1.0,0.0,1.0,2.0,0.0,1.0,2.0,1.0,2.0,0.0,2.0,1.0,1.0,1.0,2.0,1.0,2.0,1.0,0.0,2.0,0.0,1.0,0.0,2.0,0.0,0.0,2.0,2.0,2.0,2.0,1.0,1.0,1.0,1.0,2.0,0.0,1.0,1.0,1.0,1.0,0.0,0.0,1.0,1.0,1.0,0.0,2.0,0.0,2.0,2.0,0.0,1.0,1.0,0.0,0.0,1.0,2.0,0.0,2.0,2.0,0.0,0.0,0.0,1.0,0.0,0.0,0.0,2.0,2.0,0.0,0.0,0.0,0.0,0.0,1.0,0.0,1.0,2.0,0.0,2.0,0.0,2.0,2.0,0.0,2.0,0.0,1.0,2.0,0.0,2.0,1.0,0.0,1.0,0.0,2.0,0.0,1.0
116,2.0,2.0,2.0,1.0,0.0,2.0,1.0,1.0,2.0,1.0,1.0,0.0,1.0,1.0,1.0,0.0,2.0,0.0,0.0,0.0,0.0,2.0,0.0,1.0,0.0,0.0,2.0,1.0,1.0,2.0,2.0,0.0,1.0,1.0,0.0,0.0,1.0,1.0,0.0,1.0,1.0,2.0,2.0,0.0,2.0,2.0,2.0,1.0,0.0,0.0,0.0,2.0,0.0,0.0,0.0,1.0,0.0,1.0,1.0,0.0,2.0,2.0,2.0,1.0,1.0,0.0,0.0,0.0,0.0,2.0,2.0,0.0,0.0,1.0,1.0,1.0,1.0,2.0,2.0,1.0,2.0,2.0,1.0,1.0,2.0,2.0,0.0,2.0,0.0,0.0,0.0,1.0,2.0,1.0,0.0,0.0,1.0,0.0,2.0,0.0,2.0,0.0,2.0,2.0,0.0,0.0,1.0,1.0,2.0,0.0,1.0,0.0,0.0,2.0,1.0,1.0,2.0,2.0,2.0,1.0,0.0,0.0,0.0,0.0,1.0,1.0,0.0,0.0,0.0,1.0,0.0,2.0,0.0,1.0,0.0,1.0,1.0,1.0,0.0,1.0
117,1.0,1.0,1.0,2.0,2.0,1.0,0.0,1.0,0.0,0.0,0.0,0.0,0.0,0.0,2.0,1.0,1.0,2.0,2.0,1.0,2.0,1.0,0.0,0.0,0.0,0.0,1.0,1.0,1.0,0.0,1.0,1.0,2.0,0.0,0.0,2.0,1.0,0.0,1.0,2.0,1.0,2.0,1.0,0.0,0.0,1.0,1.0,1.0,2.0,1.0,2.0,0.0,1.0,0.0,2.0,2.0,1.0,1.0,0.0,2.0,2.0,2.0,2.0,0.0,1.0,2.0,0.0,2.0,2.0,1.0,2.0,0.0,2.0,1.0,1.0,0.0,1.0,0.0,1.0,2.0,0.0,0.0,0.0,2.0,0.0,1.0,0.0,0.0,1.0,0.0,0.0,0.0,2.0,2.0,2.0,0.0,1.0,0.0,0.0,2.0,0.0,1.0,2.0,2.0,2.0,0.0,0.0,2.0,1.0,2.0,0.0,0.0,2.0,1.0,0.0,1.0,2.0,1.0,0.0,1.0,1.0,2.0,0.0,2.0,1.0,1.0,0.0,1.0,0.0,0.0,0.0,2.0,0.0,2.0,2.0,2.0,0.0,0.0,2.0,0.0
118,2.0,2.0,2.0,1.0,2.0,1.0,2.0,1.0,2.0,2.0,0.0,0.0,0.0,1.0,0.0,0.0,1.0,2.0,2.0,1.0,1.0,0.0,0.0,1.0,0.0,1.0,1.0,1.0,1.0,2.0,1.0,0.0,0.0,2.0,0.0,0.0,2.0,1.0,2.0,2.0,0.0,2.0,0.0,2.0,2.0,1.0,2.0,1.0,1.0,2.0,0.0,1.0,0.0,2.0,2.0,0.0,2.0,1.0,1.0,2.0,1.0,2.0,1.0,1.0,1.0,2.0,2.0,0.0,2.0,0.0,2.0,0.0,2.0,2.0,0.0,0.0,0.0,2.0,1.0,2.0,1.0,0.0,0.0,0.0,2.0,0.0,0.0,0.0,1.0,2.0,1.0,0.0,2.0,2.0,1.0,1.0,0.0,1.0,0.0,0.0,2.0,0.0,1.0,2.0,1.0,2.0,2.0,1.0,1.0,1.0,1.0,0.0,1.0,2.0,0.0,2.0,0.0,1.0,1.0,2.0,0.0,2.0,0.0,0.0,2.0,2.0,1.0,2.0,2.0,1.0,0.0,1.0,0.0,1.0,1.0,1.0,0.0,1.0,0.0,0.0
119,0.0,2.0,1.0,2.0,2.0,1.0,1.0,1.0,0.0,2.0,0.0,2.0,1.0,0.0,0.0,1.0,2.0,0.0,2.0,1.0,0.0,2.0,1.0,2.0,2.0,2.0,0.0,2.0,2.0,1.0,1.0,2.0,0.0,0.0,2.0,2.0,1.0,2.0,2.0,2.0,0.0,0.0,1.0,0.0,2.0,1.0,1.0,2.0,1.0,2.0,1.0,0.0,0.0,2.0,0.0,0.0,2.0,2.0,0.0,1.0,0.0,2.0,2.0,1.0,1.0,0.0,2.0,0.0,2.0,0.0,2.0,1.0,0.0,1.0,2.0,2.0,0.0,1.0,2.0,0.0,1.0,2.0,1.0,2.0,1.0,0.0,0.0,1.0,1.0,1.0,2.0,0.0,1.0,1.0,2.0,2.0,0.0,1.0,1.0,0.0,1.0,1.0,0.0,1.0,2.0,2.0,2.0,1.0,2.0,1.0,0.0,2.0,1.0,0.0,1.0,1.0,1.0,1.0,0.0,2.0,0.0,0.0,1.0,0.0,2.0,0.0,0.0,2.0,1.0,1.0,1.0,0.0,1.0,1.0,0.0,1.0,1.0,1.0,1.0,1.0
120,1.0,1.0,0.0,0.0,2.0,0.0,1.0,1.0,0.0,2.0,0.0,1.0,1.0,2.0,0.0,1.0,0.0,0.0,2.0,2.0,0.0,2.0,1.0,0.0,2.0,0.0,0.0,1.0,0.0,0.0,2.0,2.0,1.0,0.0,0.0,0.0,2.0,2.0,2.0,2.0,2.0,0.0,1.0,2.0,1.0,0.0,1.0,1.0,0.0,1.0,1.0,0.0,2.0,1.0,1.0,2.0,1.0,0.0,1.0,2.0,2.0,2.0,2.0,1.0,1.0,1.0,2.0,0.0,2.0,0.0,0.0,2.0,0.0,0.0,2.0,2.0,1.0,0.0,2.0,2.0,0.0,2.0,1.0,2.0,1.0,0.0,2.0,1.0,2.0,1.0,2.0,0.0,0.0,1.0,2.0,0.0,2.0,0.0,1.0,2.0,1.0,2.0,1.0,1.0,1.0,0.0,2.0,0.0,1.0,1.0,2.0,1.0,0.0,0.0,0.0,0.0,2.0,2.0,2.0,1.0,1.0,2.0,0.0,2.0,1.0,2.0,2.0,1.0,1.0,1.0,2.0,0.0,2.0,1.0,2.0,2.0,2.0,2.0,0.0,1.0
121,2.0,0.0,2.0,2.0,0.0,0.0,1.0,2.0,0.0,0.0,0.0,0.0,1.0,2.0,2.0,1.0,2.0,2.0,0.0,2.0,0.0,2.0,0.0,0.0,0.0,0.0,0.0,1.0,2.0,1.0,0.0,1.0,2.0,2.0,1.0,2.0,2.0,2.0,1.0,0.0,0.0,0.0,2.0,2.0,1.0,2.0,2.0,0.0,1.0,1.0,2.0,1.0,0.0,2.0,1.0,1.0,1.0,0.0,1.0,2.0,2.0,2.0,1.0,2.0,1.0,0.0,1.0,0.0,2.0,2.0,1.0,1.0,1.0,2.0,0.0,2.0,2.0,2.0,1.0,1.0,1.0,0.0,1.0,0.0,2.0,0.0,1.0,0.0,1.0,1.0,1.0,0.0,2.0,2.0,2.0,1.0,0.0,2.0,1.0,1.0,1.0,2.0,2.0,1.0,1.0,1.0,0.0,0.0,2.0,0.0,2.0,2.0,1.0,0.0,1.0,2.0,0.0,2.0,0.0,2.0,0.0,2.0,2.0,2.0,2.0,0.0,0.0,0.0,2.0,2.0,2.0,2.0,2.0,2.0,1.0,0.0,2.0,2.0,2.0,1.0
122,2.0,2.0,2.0,0.0,0.0,0.0,0.0,1.0,1.0,1.0,2.0,2.0,1.0,0.0,0.0,1.0,2.0,1.0,0.0,0.0,0.0,0.0,0.0,2.0,1.0,0.0,2.0,1.0,1.0,0.0,2.0,2.0,2.0,1.0,0.0,0.0,0.0,2.0,2.0,0.0,2.0,1.0,2.0,1.0,0.0,1.0,1.0,1.0,2.0,1.0,0.0,1.0,0.0,0.0,0.0,2.0,1.0,0.0,2.0,1.0,2.0,0.0,0.0,1.0,1.0,0.0,2.0,1.0,2.0,2.0,2.0,2.0,0.0,1.0,1.0,1.0,2.0,2.0,1.0,0.0,1.0,1.0,2.0,2.0,0.0,0.0,1.0,1.0,1.0,0.0,0.0,0.0,0.0,1.0,2.0,0.0,2.0,0.0,0.0,1.0,1.0,0.0,1.0,0.0,1.0,0.0,2.0,1.0,2.0,0.0,2.0,0.0,1.0,1.0,2.0,0.0,1.0,0.0,1.0,1.0,0.0,2.0,1.0,0.0,1.0,0.0,2.0,2.0,2.0,0.0,0.0,0.0,1.0,1.0,2.0,1.0,0.0,0.0,2.0,2.0
123,0.0,0.0,1.0,0.0,2.0,2.0,0.0,0.0,0.0,2.0,0.0,0.0,1.0,1.0,0.0,0.0,2.0,2.0,0.0,2.0,1.0,2.0,2.0,1.0,0.0,0.0,1.0,2.0,0.0,1.0,2.0,0.0,0.0,1.0,0.0,0.0,2.0,1.0,1.0,0.0,0.0,2.0,2.0,0.0,2.0,1.0,2.0,0.0,1.0,1.0,2.0,1.0,0.0,0.0,2.0,2.0,0.0,1.0,0.0,0.0,0.0,0.0,0.0,2.0,1.0,1.0,2.0,0.0,2.0,1.0,2.0,1.0,0.0,0.0,1.0,1.0,1.0,0.0,1.0,1.0,1.0,2.0,0.0,1.0,0.0,1.0,1.0,1.0,1.0,2.0,2.0,0.0,1.0,0.0,2.0,1.0,0.0,0.0,2.0,0.0,0.0,1.0,1.0,1.0,2.0,1.0,0.0,2.0,0.0,0.0,1.0,1.0,2.0,0.0,2.0,0.0,0.0,1.0,0.0,0.0,2.0,1.0,2.0,1.0,0.0,0.0,0.0,1.0,0.0,0.0,0.0,2.0,0.0,2.0,1.0,0.0,0.0,0.0,1.0,0.0
124,0.0,1.0,2.0,1.0,0.0,2.0,2.0,2.0,2.0,1.0,2.0,0.0,1.0,1.0,2.0,2.0,0.0,2.0,0.0,0.0,0.0,1.0,0.0,0.0,0.0,0.0,1.0,0.0,2.0,1.0,1.0,2.0,0.0,2.0,2.0,0.0,1.0,0.0,0.0,1.0,0.0,1.0,0.0,0.0,1.0,1.0,2.0,0.0,2.0,1.0,2.0,1.0,0.0,0.0,1.0,1.0,0.0,2.0,2.0,0.0,2.0,2.0,2.0,2.0,1.0,2.0,0.0,1.0,1.0,0.0,0.0,2.0,0.0,0.0,1.0,0.0,2.0,2.0,1.0,0.0,0.0,0.0,1.0,0.0,0.0,0.0,1.0,2.0,1.0,2.0,1.0,0.0,0.0,2.0,2.0,1.0,0.0,2.0,2.0,0.0,1.0,2.0,1.0,0.0,1.0,2.0,1.0,0.0,2.0,0.0,0.0,1.0,1.0,2.0,2.0,1.0,1.0,2.0,1.0,2.0,2.0,1.0,1.0,1.0,1.0,0.0,1.0,2.0,2.0,1.0,2.0,1.0,0.0,0.0,0.0,0.0,1.0,1.0,0.0,0.0
125,2.0,0.0,0.0,0.0,0.0,0.0,0.0,2.0,2.0,2.0,0.0,0.0,2.0,2.0,0.0,1.0,1.0,1.0,1.0,2.0,1.0,0.0,0.0,2.0,2.0,1.0,1.0,2.0,1.0,0.0,0.0,0.0,2.0,0.0,0.0,2.0,2.0,0.0,2.0,1.0,2.0,0.0,0.0,2.0,0.0,1.0,1.0,1.0,1.0,2.0,1.0,0.0,2.0,0.0,2.0,0.0,2.0,1.0,1.0,1.0,0.0,1.0,2.0,0.0,1.0,2.0,2.0,1.0,1.0,1.0,1.0,2.0,1.0,2.0,1.0,2.0,0.0,1.0,1.0,2.0,0.0,0.0,2.0,0.0,0.0,1.0,1.0,2.0,1.0,2.0,1.0,0.0,1.0,0.0,1.0,2.0,2.0,2.0,0.0,2.0,1.0,0.0,2.0,0.0,0.0,2.0,0.0,1.0,2.0,0.0,0.0,1.0,1.0,1.0,0.0,2.0,0.0,2.0,0.0,1.0,1.0,2.0,2.0,1.0,2.0,2.0,1.0,2.0,2.0,0.0,0.0,1.0,1.0,1.0,1.0,1.0,2.0,1.0,0.0,0.0
126,1.0,1.0,2.0,1.0,0.0,0.0,0.0,1.0,1.0,2.0,0.0,0.0,0.0,2.0,2.0,1.0,1.0,0.0,2.0,2.0,1.0,0.0,0.0,0.0,0.0,1.0,0.0,0.0,2.0,2.0,0.0,1.0,0.0,2.0,1.0,1.0,1.0,1.0,0.0,2.0,2.0,2.0,2.0,1.0,1.0,0.0,0.0,0.0,0.0,1.0,0.0,1.0,0.0,2.0,0.0,0.0,1.0,1.0,1.0,2.0,2.0,2.0,0.0,2.0,0.0,2.0,2.0,0.0,0.0,2.0,1.0,2.0,0.0,0.0,1.0,2.0,1.0,1.0,1.0,2.0,0.0,2.0,2.0,0.0,0.0,1.0,0.0,1.0,1.0,2.0,0.0,0.0,0.0,0.0,0.0,1.0,0.0,2.0,1.0,2.0,2.0,1.0,2.0,1.0,2.0,1.0,2.0,1.0,2.0,1.0,1.0,1.0,1.0,1.0,1.0,1.0,2.0,2.0,1.0,0.0,1.0,1.0,0.0,2.0,1.0,2.0,0.0,0.0,0.0,0.0,2.0,1.0,0.0,2.0,0.0,1.0,0.0,0.0,2.0,0.0
127,1.0,1.0,2.0,2.0,1.0,2.0,2.0,0.0,2.0,2.0,2.0,1.0,0.0,2.0,0.0,0.0,2.0,0.0,1.0,1.0,0.0,2.0,0.0,2.0,1.0,0.0,1.0,1.0,0.0,2.0,0.0,0.0,0.0,0.0,0.0,1.0,2.0,0.0,0.0,0.0,0.0,2.0,2.0,0.0,2.0,1.0,1.0,2.0,2.0,0.0,2.0,1.0,2.0,1.0,2.0,1.0,2.0,1.0,1.0,2.0,0.0,1.0,2.0,2.0,2.0,0.0,0.0,1.0,1.0,2.0,1.0,2.0,2.0,1.0,0.0,1.0,2.0,1.0,2.0,1.0,1.0,2.0,0.0,1.0,0.0,1.0,0.0,1.0,1.0,2.0,2.0,0.0,1.0,1.0,0.0,0.0,1.0,2.0,1.0,2.0,0.0,2.0,1.0,0.0,1.0,1.0,1.0,2.0,2.0,0.0,1.0,2.0,1.0,0.0,2.0,2.0,0.0,0.0,2.0,0.0,2.0,1.0,1.0,0.0,1.0,0.0,0.0,1.0,2.0,2.0,2.0,0.0,1.0,2.0,0.0,1.0,1.0,0.0,1.0,0.0
128,2.0,1.0,2.0,1.0,0.0,0.0,1.0,1.0,2.0,1.0,0.0,1.0,1.0,0.0,1.0,2.0,2.0,2.0,1.0,0.0,0.0,2.0,2.0,2.0,1.0,2.0,0.0,2.0,0.0,0.0,1.0,0.0,2.0,0.0,0.0,2.0,2.0,0.0,2.0,0.0,2.0,0.0,1.0,0.0,2.0,0.0,0.0,2.0,2.0,1.0,1.0,1.0,0.0,1.0,0.0,0.0,0.0,0.0,1.0,0.0,1.0,2.0,1.0,1.0,2.0,2.0,0.0,1.0,0.0,0.0,2.0,1.0,2.0,2.0,0.0,0.0,2.0,0.0,1.0,1.0,2.0,2.0,0.0,0.0,1.0,2.0,0.0,2.0,0.0,1.0,2.0,0.0,0.0,2.0,1.0,0.0,0.0,0.0,1.0,0.0,2.0,1.0,0.0,0.0,1.0,2.0,2.0,1.0,1.0,2.0,2.0,1.0,1.0,0.0,0.0,2.0,1.0,1.0,2.0,0.0,0.0,0.0,0.0,0.0,1.0,2.0,2.0,0.0,0.0,0.0,1.0,1.0,0.0,2.0,1.0,1.0,0.0,1.0,0.0,0.0
129,1.0,1.0,0.0,1.0,0.0,1.0,0.0,0.0,0.0,0.0,0.0,0.0,2.0,2.0,1.0,2.0,0.0,1.0,0.0,0.0,1.0,2.0,2.0,2.0,2.0,0.0,1.0,1.0,1.0,2.0,2.0,0.0,2.0,1.0,2.0,0.0,2.0,0.0,1.0,1.0,2.0,2.0,0.0,1.0,1.0,1.0,1.0,2.0,1.0,1.0,0.0,0.0,2.0,2.0,0.0,0.0,2.0,0.0,0.0,0.0,0.0,1.0,0.0,0.0,2.0,0.0,2.0,2.0,2.0,1.0,2.0,2.0,2.0,2.0,2.0,0.0,1.0,0.0,0.0,0.0,2.0,1.0,1.0,2.0,1.0,1.0,0.0,2.0,0.0,1.0,2.0,0.0,1.0,2.0,1.0,1.0,2.0,1.0,0.0,2.0,1.0,0.0,0.0,0.0,1.0,2.0,2.0,1.0,1.0,1.0,2.0,2.0,2.0,0.0,2.0,2.0,1.0,2.0,0.0,0.0,2.0,1.0,0.0,0.0,1.0,2.0,1.0,0.0,0.0,1.0,2.0,2.0,1.0,0.0,2.0,0.0,2.0,1.0,1.0,2.0
130,1.0,0.0,2.0,0.0,2.0,0.0,2.0,2.0,0.0,2.0,1.0,0.0,1.0,2.0,0.0,0.0,0.0,2.0,2.0,2.0,2.0,2.0,0.0,2.0,0.0,2.0,0.0,2.0,1.0,2.0,0.0,1.0,2.0,2.0,2.0,2.0,1.0,1.0,0.0,0.0,0.0,2.0,0.0,0.0,2.0,1.0,2.0,2.0,1.0,2.0,0.0,0.0,2.0,2.0,0.0,1.0,2.0,2.0,2.0,0.0,2.0,1.0,2.0,0.0,0.0,0.0,1.0,0.0,2.0,2.0,0.0,2.0,2.0,1.0,1.0,0.0,0.0,2.0,0.0,1.0,1.0,1.0,2.0,1.0,1.0,2.0,0.0,0.0,2.0,0.0,1.0,1.0,0.0,0.0,1.0,2.0,0.0,1.0,1.0,2.0,0.0,0.0,1.0,2.0,0.0,1.0,1.0,2.0,2.0,1.0,1.0,1.0,0.0,1.0,0.0,1.0,2.0,1.0,2.0,1.0,0.0,0.0,0.0,0.0,0.0,1.0,2.0,1.0,0.0,2.0,1.0,0.0,0.0,1.0,2.0,2.0,2.0,2.0,1.0,2.0
131,1.0,1.0,1.0,1.0,1.0,2.0,2.0,0.0,2.0,2.0,0.0,1.0,2.0,1.0,1.0,1.0,0.0,0.0,2.0,0.0,2.0,0.0,2.0,0.0,2.0,0.0,0.0,1.0,1.0,0.0,1.0,1.0,2.0,1.0,0.0,2.0,0.0,2.0,2.0,2.0,2.0,1.0,2.0,0.0,1.0,1.0,2.0,1.0,2.0,0.0,0.0,2.0,0.0,1.0,1.0,1.0,1.0,2.0,2.0,0.0,1.0,1.0,0.0,0.0,2.0,0.0,0.0,1.0,1.0,0.0,1.0,2.0,0.0,0.0,0.0,0.0,0.0,2.0,1.0,1.0,2.0,1.0,2.0,2.0,1.0,1.0,2.0,2.0,0.0,2.0,1.0,0.0,0.0,0.0,1.0,1.0,1.0,1.0,1.0,2.0,1.0,2.0,2.0,0.0,0.0,1.0,1.0,2.0,2.0,1.0,1.0,2.0,2.0,0.0,2.0,2.0,2.0,0.0,0.0,0.0,0.0,0.0,0.0,0.0,0.0,0.0,0.0,0.0,0.0,0.0,1.0,1.0,0.0,1.0,2.0,1.0,1.0,1.0,1.0,2.0
132,2.0,1.0,2.0,2.0,1.0,2.0,1.0,1.0,2.0,0.0,1.0,2.0,1.0,0.0,1.0,0.0,0.0,2.0,1.0,0.0,0.0,1.0,1.0,2.0,1.0,1.0,1.0,2.0,2.0,2.0,2.0,0.0,2.0,2.0,0.0,1.0,0.0,0.0,1.0,2.0,0.0,2.0,0.0,1.0,2.0,2.0,0.0,0.0,0.0,2.0,2.0,0.0,0.0,2.0,1.0,2.0,1.0,2.0,1.0,0.0,0.0,1.0,0.0,1.0,1.0,1.0,0.0,1.0,2.0,0.0,2.0,2.0,2.0,0.0,2.0,2.0,2.0,2.0,1.0,2.0,0.0,2.0,1.0,0.0,1.0,0.0,2.0,0.0,2.0,2.0,0.0,2.0,0.0,2.0,2.0,1.0,0.0,0.0,1.0,0.0,0.0,2.0,0.0,2.0,2.0,0.0,2.0,1.0,2.0,1.0,2.0,1.0,2.0,1.0,2.0,1.0,0.0,2.0,2.0,2.0,0.0,0.0,1.0,1.0,1.0,1.0,0.0,1.0,2.0,1.0,1.0,2.0,1.0,0.0,1.0,1.0,1.0,2.0,2.0,1.0
133,0.0,0.0,1.0,1.0,2.0,2.0,0.0,1.0,1.0,0.0,2.0,0.0,0.0,2.0,1.0,2.0,0.0,2.0,1.0,0.0,1.0,0.0,2.0,1.0,2.0,1.0,2.0,0.0,2.0,0.0,0.0,0.0,2.0,0.0,2.0,2.0,2.0,2.0,2.0,1.0,1.0,0.0,1.0,2.0,2.0,2.0,0.0,1.0,0.0,2.0,1.0,0.0,0.0,0.0,1.0,2.0,0.0,1.0,1.0,0.0,0.0,2.0,1.0,0.0,1.0,2.0,0.0,0.0,0.0,0.0,2.0,0.0,1.0,1.0,0.0,0.0,2.0,0.0,2.0,2.0,1.0,1.0,0.0,0.0,0.0,0.0,1.0,1.0,1.0,1.0,0.0,0.0,0.0,2.0,1.0,2.0,1.0,2.0,2.0,2.0,2.0,1.0,2.0,2.0,2.0,1.0,1.0,2.0,0.0,2.0,1.0,2.0,2.0,1.0,1.0,1.0,0.0,1.0,2.0,0.0,1.0,1.0,0.0,1.0,2.0,2.0,0.0,1.0,0.0,0.0,1.0,0.0,1.0,0.0,2.0,0.0,1.0,0.0,2.0,0.0
134,1.0,1.0,2.0,1.0,1.0,1.0,0.0,2.0,2.0,1.0,1.0,2.0,1.0,1.0,1.0,1.0,2.0,1.0,1.0,1.0,1.0,1.0,1.0,2.0,1.0,0.0,2.0,2.0,1.0,1.0,2.0,0.0,2.0,0.0,0.0,0.0,0.0,2.0,2.0,2.0,2.0,1.0,1.0,2.0,2.0,2.0,1.0,1.0,1.0,2.0,1.0,0.0,0.0,0.0,0.0,1.0,2.0,0.0,2.0,2.0,0.0,1.0,2.0,0.0,0.0,2.0,0.0,0.0,0.0,2.0,0.0,1.0,0.0,2.0,0.0,2.0,0.0,2.0,2.0,1.0,0.0,2.0,1.0,2.0,0.0,1.0,1.0,0.0,1.0,1.0,0.0,0.0,1.0,2.0,2.0,2.0,1.0,0.0,2.0,2.0,0.0,1.0,2.0,2.0,2.0,2.0,0.0,0.0,2.0,1.0,1.0,1.0,1.0,0.0,1.0,0.0,0.0,0.0,1.0,2.0,2.0,1.0,0.0,0.0,1.0,2.0,1.0,0.0,2.0,1.0,1.0,1.0,0.0,1.0,2.0,2.0,0.0,2.0,0.0,1.0
135,1.0,2.0,1.0,0.0,0.0,2.0,2.0,2.0,2.0,2.0,1.0,1.0,2.0,0.0,2.0,0.0,1.0,0.0,0.0,2.0,2.0,0.0,1.0,0.0,2.0,2.0,2.0,1.0,2.0,0.0,1.0,0.0,2.0,0.0,0.0,2.0,0.0,0.0,0.0,1.0,0.0,0.0,0.0,0.0,0.0,2.0,0.0,1.0,0.0,2.0,2.0,0.0,0.0,0.0,1.0,2.0,1.0,1.0,1.0,0.0,0.0,2.0,0.0,0.0,0.0,1.0,2.0,1.0,0.0,1.0,0.0,0.0,1.0,2.0,1.0,0.0,1.0,2.0,0.0,2.0,0.0,2.0,1.0,0.0,2.0,2.0,2.0,0.0,0.0,0.0,2.0,2.0,0.0,2.0,0.0,1.0,0.0,2.0,1.0,2.0,2.0,0.0,2.0,0.0,2.0,2.0,1.0,1.0,0.0,0.0,2.0,0.0,1.0,2.0,0.0,1.0,2.0,1.0,0.0,1.0,0.0,1.0,1.0,0.0,0.0,1.0,0.0,1.0,1.0,2.0,0.0,0.0,1.0,0.0,1.0,1.0,2.0,0.0,2.0,1.0
136,1.0,0.0,1.0,2.0,1.0,0.0,1.0,2.0,1.0,1.0,1.0,2.0,1.0,1.0,0.0,0.0,0.0,2.0,1.0,0.0,2.0,2.0,2.0,1.0,1.0,0.0,1.0,1.0,1.0,0.0,1.0,0.0,0.0,1.0,0.0,2.0,1.0,2.0,0.0,0.0,1.0,2.0,2.0,2.0,0.0,1.0,1.0,1.0,2.0,0.0,2.0,1.0,0.0,1.0,2.0,2.0,1.0,2.0,0.0,1.0,0.0,0.0,0.0,2.0,2.0,0.0,2.0,1.0,1.0,1.0,1.0,1.0,1.0,0.0,0.0,2.0,2.0,1.0,1.0,0.0,2.0,1.0,1.0,1.0,1.0,2.0,1.0,2.0,2.0,0.0,1.0,1.0,1.0,0.0,0.0,0.0,0.0,0.0,1.0,2.0,2.0,2.0,2.0,2.0,2.0,2.0,0.0,0.0,2.0,0.0,0.0,2.0,2.0,0.0,0.0,1.0,1.0,2.0,1.0,1.0,0.0,1.0,0.0,0.0,2.0,0.0,0.0,1.0,0.0,2.0,0.0,0.0,1.0,2.0,0.0,1.0,1.0,1.0,0.0,1.0
137,1.0,2.0,2.0,1.0,2.0,1.0,1.0,0.0,0.0,0.0,1.0,1.0,1.0,0.0,1.0,0.0,1.0,2.0,2.0,0.0,2.0,2.0,1.0,1.0,1.0,0.0,2.0,0.0,1.0,1.0,0.0,0.0,0.0,2.0,2.0,1.0,2.0,1.0,1.0,0.0,1.0,2.0,1.0,1.0,2.0,1.0,1.0,1.0,0.0,0.0,2.0,0.0,2.0,2.0,2.0,1.0,1.0,1.0,1.0,1.0,1.0,0.0,2.0,2.0,1.0,2.0,0.0,0.0,0.0,2.0,1.0,2.0,0.0,0.0,2.0,2.0,2.0,0.0,2.0,1.0,2.0,0.0,2.0,2.0,2.0,0.0,0.0,1.0,1.0,2.0,2.0,0.0,1.0,0.0,2.0,1.0,0.0,1.0,2.0,2.0,2.0,2.0,0.0,0.0,2.0,1.0,2.0,0.0,2.0,1.0,0.0,2.0,2.0,1.0,1.0,2.0,0.0,0.0,1.0,0.0,0.0,0.0,0.0,0.0,2.0,0.0,1.0,0.0,1.0,0.0,1.0,0.0,0.0,0.0,0.0,1.0,2.0,1.0,2.0,0.0
138,2.0,0.0,0.0,1.0,1.0,1.0,0.0,2.0,2.0,2.0,1.0,2.0,0.0,2.0,2.0,1.0,0.0,1.0,0.0,2.0,2.0,1.0,1.0,1.0,2.0,2.0,1.0,2.0,0.0,0.0,2.0,1.0,0.0,0.0,2.0,1.0,0.0,2.0,0.0,2.0,1.0,0.0,1.0,1.0,0.0,2.0,2.0,2.0,2.0,2.0,0.0,2.0,0.0,2.0,2.0,0.0,2.0,0.0,2.0,2.0,0.0,2.0,2.0,2.0,0.0,1.0,1.0,0.0,2.0,2.0,0.0,0.0,2.0,2.0,0.0,1.0,0.0,0.0,1.0,1.0,0.0,2.0,0.0,0.0,1.0,0.0,2.0,0.0,0.0,2.0,2.0,2.0,0.0,0.0,0.0,1.0,1.0,1.0,0.0,2.0,1.0,1.0,2.0,1.0,2.0,0.0,0.0,1.0,1.0,2.0,0.0,0.0,1.0,0.0,1.0,1.0,0.0,1.0,2.0,1.0,2.0,2.0,2.0,1.0,1.0,0.0,2.0,2.0,2.0,0.0,0.0,1.0,0.0,1.0,1.0,0.0,0.0,2.0,2.0,1.0
139,1.0,1.0,2.0,2.0,1.0,1.0,0.0,2.0,0.0,0.0,2.0,1.0,2.0,1.0,2.0,2.0,1.0,2.0,1.0,2.0,0.0,0.0,1.0,2.0,0.0,2.0,1.0,2.0,0.0,1.0,1.0,1.0,0.0,0.0,1.0,0.0,1.0,0.0,2.0,1.0,2.0,0.0,2.0,1.0,0.0,1.0,0.0,2.0,2.0,0.0,0.0,1.0,1.0,0.0,2.0,0.0,0.0,2.0,2.0,2.0,2.0,2.0,2.0,1.0,1.0,0.0,1.0,0.0,2.0,2.0,1.0,0.0,2.0,1.0,1.0,1.0,0.0,2.0,1.0,2.0,1.0,2.0,2.0,1.0,2.0,0.0,0.0,0.0,1.0,1.0,2.0,1.0,0.0,2.0,1.0,1.0,1.0,1.0,2.0,2.0,0.0,0.0,0.0,0.0,1.0,0.0,2.0,1.0,1.0,1.0,0.0,1.0,1.0,1.0,0.0,2.0,1.0,1.0,0.0,0.0,0.0,1.0,2.0,0.0,2.0,2.0,0.0,1.0,1.0,2.0,0.0,0.0,2.0,2.0,1.0,2.0,0.0,2.0,1.0,2.0
